"DESCRIPTION","DURATION IN MS","NAME","PARENT SUITE","START TIME","STATUS","STOP TIME","SUB SUITE","SUITE","TEST CLASS","TEST METHOD"
"When request without body, POST /api/v1/account/recovery-password returns 400.","86","When request without body, POST /api/v1/account/recovery-password returns 400","Controller tests","Wed Nov 26 08:41:03 UTC 2025","passed","Wed Nov 26 08:41:03 UTC 2025","POST /api/v1/account/recovery-password","Account API Controller Tests","education.kub.backend.ce.domain.user.controller.AccountControllerTests$PasswordRecoveryTests","RecoverPasswordWithoutBody"
"When request body with zero duration field value, PUT /api/v1/programs/{id} returns 422.","234","When request body with zero duration field value, PUT /api/v1/programs/{id} returns 422","Controller tests","Wed Nov 26 08:40:38 UTC 2025","failed","Wed Nov 26 08:40:38 UTC 2025","PUT /api/v1/programs/{id}","Educational Program API Controller Tests","education.kub.backend.ce.domain.educational_program.controller.EducationalProgramControllerTests$EducationalProgramsTests$EducationalProgramTests$UpdateEducationalProgramTests","UpdateProgramWithZeroDurationFieldValue"
"When request with id url parameter for not existing user, PUT /api/v1/users/{id} returns 404.","194","When request with id url parameter for not existing user, PUT /api/v1/users/{id} returns 404","Controller tests","Wed Nov 26 08:41:16 UTC 2025","passed","Wed Nov 26 08:41:16 UTC 2025","PUT /api/v1/users/{id}","User API Controller Tests","education.kub.backend.ce.domain.user.controller.UserControllerTests$UsersTests$UserTests$UpdateUserTests","UpdateUserWithNonExistedUser"
"When request body without email, POST /api/v1/auth/login returns 400.","178","When request body without email, POST /api/v1/auth/login returns 400","Controller tests","Wed Nov 26 08:41:01 UTC 2025","failed","Wed Nov 26 08:41:02 UTC 2025","POST /api/v1/auth/login","Auth API Controller Tests","education.kub.backend.ce.domain.auth.controller.AuthControllerTests$LoginTests","LoginWithoutEmail"
"When valid request with missing roles, PUT /api/v1/rooms/{id} returns 401.","175","When valid request with missing roles, PUT /api/v1/rooms/{id} returns 401 [4] user_creator_role=ORGANIZER","Controller tests","Wed Nov 26 08:40:51 UTC 2025","failed","Wed Nov 26 08:40:51 UTC 2025","PUT /api/v1/rooms/{id}","Room API Controller Tests","education.kub.backend.ce.domain.room.controller.RoomControllerTests$RoomsTests$RoomTests$UpdateRoomTests","UpdateRoomWithNotAllowedRole"
"When valid request with missing roles, PUT /api/v1/rooms/{id} returns 401.","178","When valid request with missing roles, PUT /api/v1/rooms/{id} returns 401 [1] user_creator_role=USER","Controller tests","Wed Nov 26 08:40:50 UTC 2025","failed","Wed Nov 26 08:40:51 UTC 2025","PUT /api/v1/rooms/{id}","Room API Controller Tests","education.kub.backend.ce.domain.room.controller.RoomControllerTests$RoomsTests$RoomTests$UpdateRoomTests","UpdateRoomWithNotAllowedRole"
"When request without access token header, PUT /api/v1/users/{id} returns 401.","78","When request without access token header, PUT /api/v1/users/{id} returns 401","Controller tests","Wed Nov 26 08:41:17 UTC 2025","failed","Wed Nov 26 08:41:17 UTC 2025","PUT /api/v1/users/{id}","User API Controller Tests","education.kub.backend.ce.domain.user.controller.UserControllerTests$UsersTests$UserTests$UpdateUserTests","UpdateUserWithoutToken"
"When request is valid, DELETE /api/v1/users/{id} returns 200.","169","When request is valid, DELETE /api/v1/users/{id} returns 200 [2] user_creator_role=SYSADMIN","Controller tests","Wed Nov 26 08:41:14 UTC 2025","passed","Wed Nov 26 08:41:15 UTC 2025","DELETE /api/v1/users/{id}","User API Controller Tests","education.kub.backend.ce.domain.user.controller.UserControllerTests$UsersTests$UserTests$DeleteUserTests","DeleteUserSuccessWithAllowedRole"
"When request is valid, POST /api/v1/auth/login returns 200 and valid response.","172","When request is valid, POST /api/v1/auth/login returns 200 and valid response","Controller tests","Wed Nov 26 08:41:01 UTC 2025","passed","Wed Nov 26 08:41:01 UTC 2025","POST /api/v1/auth/login","Auth API Controller Tests","education.kub.backend.ce.domain.auth.controller.AuthControllerTests$LoginTests","LoginSuccess"
"When request body with not email field length what exceeds max possible length (32), POST /api/v1/users returns 400.","245","When request body with not email field length what exceeds max possible length (32), POST /api/v1/users returns 400 [1] request_field=first_name","Controller tests","Wed Nov 26 08:41:25 UTC 2025","failed","Wed Nov 26 08:41:25 UTC 2025","POST /api/v1/users","User API Controller Tests","education.kub.backend.ce.domain.user.controller.UserControllerTests$UsersTests$CreateUserTests","CreateUserWithTooLongNotEmailField"
"When request with invalid access token header, POST /api/v1/users returns 401.","78","When request with invalid access token header, POST /api/v1/users returns 401","Controller tests","Wed Nov 26 08:41:30 UTC 2025","passed","Wed Nov 26 08:41:30 UTC 2025","POST /api/v1/users","User API Controller Tests","education.kub.backend.ce.domain.user.controller.UserControllerTests$UsersTests$CreateUserTests","CreateUserWithInvalidToken"
"When request body without new password, POST /api/v1/account/change-password returns 400.","258","When request body without new password, POST /api/v1/account/change-password returns 400","Controller tests","Wed Nov 26 08:41:05 UTC 2025","failed","Wed Nov 26 08:41:05 UTC 2025","POST /api/v1/account/change-password","Account API Controller Tests","education.kub.backend.ce.domain.user.controller.AccountControllerTests$ChangePasswordTests","ChangePasswordWithoutNewPassword"
"When request body with location field length what exceeds max possible length (256), POST /api/v1/rooms returns 422.","172","When request body with location field length what exceeds max possible length (256), POST /api/v1/rooms returns 422","Controller tests","Wed Nov 26 08:40:55 UTC 2025","failed","Wed Nov 26 08:40:55 UTC 2025","POST /api/v1/rooms","Room API Controller Tests","education.kub.backend.ce.domain.room.controller.RoomControllerTests$RoomsTests$CreateRoomTests","CreateRoomWithTooLongLocationFieldString"
"When valid request with missing roles, GET /api/v1/roles returns 401.","172","When valid request with missing roles, GET /api/v1/roles returns 401 [2] user_creator_role=STUDENT","Controller tests","Wed Nov 26 08:41:08 UTC 2025","failed","Wed Nov 26 08:41:08 UTC 2025","GET /api/v1/roles","User API Controller Tests","education.kub.backend.ce.domain.user.controller.UserControllerTests$GetRolesTests","GetRolesWithNotAllowedRole"
"When valid request body without middle name field, POST /api/v1/users returns 201 and valid response.","241","When valid request body without middle name field, POST /api/v1/users returns 201 and valid response","Controller tests","Wed Nov 26 08:41:26 UTC 2025","passed","Wed Nov 26 08:41:26 UTC 2025","POST /api/v1/users","User API Controller Tests","education.kub.backend.ce.domain.user.controller.UserControllerTests$UsersTests$CreateUserTests","CreateUserSuccessOnUserWithoutMiddleName"
"When request body with invalid capacity field, PUT /api/v1/rooms/{id} returns 400.","172","When request body with invalid capacity field, PUT /api/v1/rooms/{id} returns 400","Controller tests","Wed Nov 26 08:40:56 UTC 2025","passed","Wed Nov 26 08:40:56 UTC 2025","POST /api/v1/rooms","Room API Controller Tests","education.kub.backend.ce.domain.room.controller.RoomControllerTests$RoomsTests$CreateRoomTests","CreateRoomWithInvalidRequestBodyCapacityField"
"When request body without required field, POST /api/v1/rooms returns 400.","174","When request body without required field, POST /api/v1/rooms returns 400 [2] request_field=capacity","Controller tests","Wed Nov 26 08:40:57 UTC 2025","failed","Wed Nov 26 08:40:57 UTC 2025","POST /api/v1/rooms","Room API Controller Tests","education.kub.backend.ce.domain.room.controller.RoomControllerTests$RoomsTests$CreateRoomTests","CreateRoomWithoutRequestField"
"When valid request with location field equal to another existing room, PUT /api/v1/rooms/{id} returns 409.","203","When valid request with location field equal to another existing room, PUT /api/v1/rooms/{id} returns 409","Controller tests","Wed Nov 26 08:40:49 UTC 2025","failed","Wed Nov 26 08:40:49 UTC 2025","PUT /api/v1/rooms/{id}","Room API Controller Tests","education.kub.backend.ce.domain.room.controller.RoomControllerTests$RoomsTests$RoomTests$UpdateRoomTests","UpdateRoomWithSameLocation"
"When request body with empty field, PUT /api/v1/programs/{id} returns 422.","187","When request body with empty field, PUT /api/v1/programs/{id} returns 422 [1] request_field=name","Controller tests","Wed Nov 26 08:40:41 UTC 2025","passed","Wed Nov 26 08:40:41 UTC 2025","PUT /api/v1/programs/{id}","Educational Program API Controller Tests","education.kub.backend.ce.domain.educational_program.controller.EducationalProgramControllerTests$EducationalProgramsTests$EducationalProgramTests$UpdateEducationalProgramTests","UpdateProgramWithEmptyRequestField"
"When valid request with missing roles, GET /api/v1/rooms returns 401.","181","When valid request with missing roles, GET /api/v1/rooms returns 401 [5] user_creator_role=SYSADMIN","Controller tests","Wed Nov 26 08:40:55 UTC 2025","failed","Wed Nov 26 08:40:55 UTC 2025","GET /api/v1/rooms","Room API Controller Tests","education.kub.backend.ce.domain.room.controller.RoomControllerTests$RoomsTests$GetRoomsTests","GetRoomsWithNotAllowedRole"
"When valid request with missing roles, DELETE /api/v1/rooms/{id} returns 401.","207","When valid request with missing roles, DELETE /api/v1/rooms/{id} returns 401 [3] user_creator_role=LECTURER","Controller tests","Wed Nov 26 08:40:47 UTC 2025","failed","Wed Nov 26 08:40:47 UTC 2025","DELETE /api/v1/rooms/{id}","Room API Controller Tests","education.kub.backend.ce.domain.room.controller.RoomControllerTests$RoomsTests$RoomTests$DeleteRoomTests","DeleteRoomWithNotAllowedRole"
"When request is valid, GET /api/v1/users/{id} returns 200 and valid response.","174","When request is valid, GET /api/v1/users/{id} returns 200 and valid response [3] user_creator_role=ORGANIZER","Controller tests","Wed Nov 26 08:41:23 UTC 2025","passed","Wed Nov 26 08:41:23 UTC 2025","GET /api/v1/users/{id}","User API Controller Tests","education.kub.backend.ce.domain.user.controller.UserControllerTests$UsersTests$UserTests$GetUserTests","GetUserSuccessWithAllowedRoles"
"When request body with empty field, POST /api/v1/users returns 422.","240","When request body with empty field, POST /api/v1/users returns 422 [1] request_field=first_name","Controller tests","Wed Nov 26 08:41:26 UTC 2025","failed","Wed Nov 26 08:41:26 UTC 2025","POST /api/v1/users","User API Controller Tests","education.kub.backend.ce.domain.user.controller.UserControllerTests$UsersTests$CreateUserTests","CreateUserWithEmptyRequestField"
"When request body with empty field, PUT /api/v1/users/{id} returns 422.","240","When request body with empty field, PUT /api/v1/users/{id} returns 422 [1] request_field=first_name","Controller tests","Wed Nov 26 08:41:21 UTC 2025","failed","Wed Nov 26 08:41:21 UTC 2025","PUT /api/v1/users/{id}","User API Controller Tests","education.kub.backend.ce.domain.user.controller.UserControllerTests$UsersTests$UserTests$UpdateUserTests","UpdateUserWithEmptyRequestField"
"When request without invalid access token header, GET /api/v1/account/me returns 401.","80","When request without invalid access token header, GET /api/v1/account/me returns 401","Controller tests","Wed Nov 26 08:41:05 UTC 2025","passed","Wed Nov 26 08:41:05 UTC 2025","GET /api/v1/account/me","Account API Controller Tests","education.kub.backend.ce.domain.user.controller.AccountControllerTests$AccountMeTests","GetUserAccountInfoWithInvalidToken"
"When request without access token header, GET /api/v1/roles returns 401.","243","When request without access token header, GET /api/v1/roles returns 401","Controller tests","Wed Nov 26 08:41:07 UTC 2025","failed","Wed Nov 26 08:41:07 UTC 2025","GET /api/v1/roles","User API Controller Tests","education.kub.backend.ce.domain.user.controller.UserControllerTests$GetRolesTests","GetRolesWithoutToken"
"When valid request body with unnecessary field, POST /api/v1/rooms returns 400.","174","When valid request body with unnecessary field, POST /api/v1/rooms returns 400","Controller tests","Wed Nov 26 08:40:57 UTC 2025","failed","Wed Nov 26 08:40:57 UTC 2025","POST /api/v1/rooms","Room API Controller Tests","education.kub.backend.ce.domain.room.controller.RoomControllerTests$RoomsTests$CreateRoomTests","CreateRoomWithAdditionalRequestField"
"When request body without required field, POST /api/v1/rooms returns 400.","176","When request body without required field, POST /api/v1/rooms returns 400 [1] request_field=location","Controller tests","Wed Nov 26 08:40:57 UTC 2025","failed","Wed Nov 26 08:40:57 UTC 2025","POST /api/v1/rooms","Room API Controller Tests","education.kub.backend.ce.domain.room.controller.RoomControllerTests$RoomsTests$CreateRoomTests","CreateRoomWithoutRequestField"
"When request body with not email field length what exceeds max possible length (32), POST /api/v1/users returns 400.","244","When request body with not email field length what exceeds max possible length (32), POST /api/v1/users returns 400 [4] request_field=email","Controller tests","Wed Nov 26 08:41:25 UTC 2025","failed","Wed Nov 26 08:41:26 UTC 2025","POST /api/v1/users","User API Controller Tests","education.kub.backend.ce.domain.user.controller.UserControllerTests$UsersTests$CreateUserTests","CreateUserWithTooLongNotEmailField"
"When request is valid, PUT /api/v1/users/{id} returns 200 and valid response.","243","When request is valid, PUT /api/v1/users/{id} returns 200 and valid response [1] user_creator_role=ADMIN","Controller tests","Wed Nov 26 08:41:19 UTC 2025","passed","Wed Nov 26 08:41:19 UTC 2025","PUT /api/v1/users/{id}","User API Controller Tests","education.kub.backend.ce.domain.user.controller.UserControllerTests$UsersTests$UserTests$UpdateUserTests","UpdateUserSuccessWithAllowedRoles"
"When request is valid, POST /api/v1/users returns 201 and valid response.","240","When request is valid, POST /api/v1/users returns 201 and valid response [3] user_creator_role=ORGANIZER","Controller tests","Wed Nov 26 08:41:29 UTC 2025","passed","Wed Nov 26 08:41:30 UTC 2025","POST /api/v1/users","User API Controller Tests","education.kub.backend.ce.domain.user.controller.UserControllerTests$UsersTests$CreateUserTests","CreateUserSuccessWithAllowedRoles"
"When request body without optional field, PUT /api/v1/programs/{id} returns 200.","185","When request body without optional field, PUT /api/v1/programs/{id} returns 200 [3] request_field=degree_type","Controller tests","Wed Nov 26 08:40:42 UTC 2025","passed","Wed Nov 26 08:40:43 UTC 2025","PUT /api/v1/programs/{id}","Educational Program API Controller Tests","education.kub.backend.ce.domain.educational_program.controller.EducationalProgramControllerTests$EducationalProgramsTests$EducationalProgramTests$UpdateEducationalProgramTests","UpdateProgramSuccessWithoutOptionalRequestField"
"When request body without optional field, PUT /api/v1/programs/{id} returns 200.","189","When request body without optional field, PUT /api/v1/programs/{id} returns 200 [5] request_field=duration","Controller tests","Wed Nov 26 08:40:43 UTC 2025","passed","Wed Nov 26 08:40:43 UTC 2025","PUT /api/v1/programs/{id}","Educational Program API Controller Tests","education.kub.backend.ce.domain.educational_program.controller.EducationalProgramControllerTests$EducationalProgramsTests$EducationalProgramTests$UpdateEducationalProgramTests","UpdateProgramSuccessWithoutOptionalRequestField"
"When valid request with missing roles, DELETE /api/v1/rooms/{id} returns 401.","182","When valid request with missing roles, DELETE /api/v1/rooms/{id} returns 401 [5] user_creator_role=SYSADMIN","Controller tests","Wed Nov 26 08:40:48 UTC 2025","failed","Wed Nov 26 08:40:48 UTC 2025","DELETE /api/v1/rooms/{id}","Room API Controller Tests","education.kub.backend.ce.domain.room.controller.RoomControllerTests$RoomsTests$RoomTests$DeleteRoomTests","DeleteRoomWithNotAllowedRole"
"When request body with capacity field value what exceeds max possible value (32767), PUT /api/v1/rooms/{id} returns 400.","185","When request body with capacity field value what exceeds max possible value (32767), PUT /api/v1/rooms/{id} returns 400","Controller tests","Wed Nov 26 08:40:49 UTC 2025","passed","Wed Nov 26 08:40:49 UTC 2025","PUT /api/v1/rooms/{id}","Room API Controller Tests","education.kub.backend.ce.domain.room.controller.RoomControllerTests$RoomsTests$RoomTests$UpdateRoomTests","UpdateRoomWithTooBigCapacityFieldValue"
"When request without body, POST /api/v1/account/change-password returns 400.","186","When request without body, POST /api/v1/account/change-password returns 400","Controller tests","Wed Nov 26 08:41:03 UTC 2025","passed","Wed Nov 26 08:41:03 UTC 2025","POST /api/v1/account/change-password","Account API Controller Tests","education.kub.backend.ce.domain.user.controller.AccountControllerTests$ChangePasswordTests","ChangePasswordWithoutBody"
"When request with invalid program id url parameter, DELETE /api/v1/educational-programs/{id} returns 400.","204","When request with invalid program id url parameter, DELETE /api/v1/educational-programs/{id} returns 400","Controller tests","Wed Nov 26 08:40:37 UTC 2025","passed","Wed Nov 26 08:40:38 UTC 2025","DELETE /api/v1/educational-programs/{id}","Educational Program API Controller Tests","education.kub.backend.ce.domain.educational_program.controller.EducationalProgramControllerTests$EducationalProgramsTests$EducationalProgramTests$DeleteEducationalProgramTests","DeleteProgramWithInvalidIdUrlParameter"
"When request with program id url parameter for not existing Program, PUT /api/v1/programs/{id} returns 404.","199","When request with program id url parameter for not existing Program, PUT /api/v1/programs/{id} returns 404","Controller tests","Wed Nov 26 08:40:39 UTC 2025","passed","Wed Nov 26 08:40:39 UTC 2025","PUT /api/v1/programs/{id}","Educational Program API Controller Tests","education.kub.backend.ce.domain.educational_program.controller.EducationalProgramControllerTests$EducationalProgramsTests$EducationalProgramTests$UpdateEducationalProgramTests","UpdateProgramWithNonExistedProgram"
"When request body without optional field, PUT /api/v1/rooms/{id} returns 200.","178","When request body without optional field, PUT /api/v1/rooms/{id} returns 200 [3] request_field=description","Controller tests","Wed Nov 26 08:40:52 UTC 2025","passed","Wed Nov 26 08:40:53 UTC 2025","PUT /api/v1/rooms/{id}","Room API Controller Tests","education.kub.backend.ce.domain.room.controller.RoomControllerTests$RoomsTests$RoomTests$UpdateRoomTests","UpdateRoomSuccessWithoutOptionalRequestField"
"When request without access token header, PUT /api/v1/programs/{id} returns 401.","81","When request without access token header, PUT /api/v1/programs/{id} returns 401","Controller tests","Wed Nov 26 08:40:44 UTC 2025","failed","Wed Nov 26 08:40:44 UTC 2025","PUT /api/v1/programs/{id}","Educational Program API Controller Tests","education.kub.backend.ce.domain.educational_program.controller.EducationalProgramControllerTests$EducationalProgramsTests$EducationalProgramTests$UpdateEducationalProgramTests","UpdateProgramWithoutToken"
"When valid request with missing roles, DELETE /api/v1/educational-programs/{id} returns 401.","247","When valid request with missing roles, DELETE /api/v1/educational-programs/{id} returns 401 [1] user_creator_role=USER","Controller tests","Wed Nov 26 08:40:36 UTC 2025","failed","Wed Nov 26 08:40:37 UTC 2025","DELETE /api/v1/educational-programs/{id}","Educational Program API Controller Tests","education.kub.backend.ce.domain.educational_program.controller.EducationalProgramControllerTests$EducationalProgramsTests$EducationalProgramTests$DeleteEducationalProgramTests","DeleteProgramWithNotAllowedRole"
"When request is valid, DELETE /api/v1/rooms/{id} returns 200.","318","When request is valid, DELETE /api/v1/rooms/{id} returns 200","Controller tests","Wed Nov 26 08:40:48 UTC 2025","failed","Wed Nov 26 08:40:48 UTC 2025","DELETE /api/v1/rooms/{id}","Room API Controller Tests","education.kub.backend.ce.domain.room.controller.RoomControllerTests$RoomsTests$RoomTests$DeleteRoomTests","DeleteRoomSuccessWithAllowedRole"
"When valid request body with unnecessary field, POST /api/v1/users returns 400.","241","When valid request body with unnecessary field, POST /api/v1/users returns 400","Controller tests","Wed Nov 26 08:41:30 UTC 2025","failed","Wed Nov 26 08:41:30 UTC 2025","POST /api/v1/users","User API Controller Tests","education.kub.backend.ce.domain.user.controller.UserControllerTests$UsersTests$CreateUserTests","CreateUserWithAdditionalRequestField"
"When valid request with missing roles, DELETE /api/v1/users/{id}/roles/{role-id} returns 401.","172","When valid request with missing roles, DELETE /api/v1/users/{id}/roles/{role-id} returns 401 [1] user_creator_role=USER","Controller tests","Wed Nov 26 08:41:09 UTC 2025","failed","Wed Nov 26 08:41:09 UTC 2025","DELETE /api/v1/users/{id}/roles/{role-id}","User API Controller Tests","education.kub.backend.ce.domain.user.controller.UserControllerTests$UsersTests$UserTests$UserRoleTests$RemoveRoleTests","RemoveRoleWithNotAllowedRole"
"When request with invalid access token header, POST /api/v1/users/{id}/resend returns 401.","78","When request with invalid access token header, POST /api/v1/users/{id}/resend returns 401","Controller tests","Wed Nov 26 08:41:14 UTC 2025","passed","Wed Nov 26 08:41:14 UTC 2025","POST /api/v1/users/{id}/resend","User API Controller Tests","education.kub.backend.ce.domain.user.controller.UserControllerTests$UsersTests$UserTests$ResendPasswordTests","ResendPasswordWithInvalidToken"
"When request is valid, GET /api/v1/educational-programs/{id} returns 200 and valid response.","186","When request is valid, GET /api/v1/educational-programs/{id} returns 200 and valid response","Controller tests","Wed Nov 26 08:40:44 UTC 2025","passed","Wed Nov 26 08:40:44 UTC 2025","GET /api/v1/educational-programs/{id}","Educational Program API Controller Tests","education.kub.backend.ce.domain.educational_program.controller.EducationalProgramControllerTests$EducationalProgramsTests$EducationalProgramTests$GetEducationalProgramTests","GetProgramSuccess"
"When request body with empty email, POST /api/v1/account/recovery-password returns 422.","88","When request body with empty email, POST /api/v1/account/recovery-password returns 422","Controller tests","Wed Nov 26 08:41:03 UTC 2025","failed","Wed Nov 26 08:41:03 UTC 2025","POST /api/v1/account/recovery-password","Account API Controller Tests","education.kub.backend.ce.domain.user.controller.AccountControllerTests$PasswordRecoveryTests","RecoverPasswordWithEmptyEmail"
"When request with invalid access token header, GET /api/v1/educational-programs returns 401.","84","When request with invalid access token header, GET /api/v1/educational-programs returns 401","Controller tests","Wed Nov 26 08:40:45 UTC 2025","passed","Wed Nov 26 08:40:45 UTC 2025","GET /api/v1/educational-programs","Educational Program API Controller Tests","education.kub.backend.ce.domain.educational_program.controller.EducationalProgramControllerTests$EducationalProgramsTests$GetEducationalProgramsTests","GetProgramsWithInvalidToken"
"When request body with empty field, PUT /api/v1/programs/{id} returns 422.","216","When request body with empty field, PUT /api/v1/programs/{id} returns 422 [2] request_field=degree_type","Controller tests","Wed Nov 26 08:40:41 UTC 2025","failed","Wed Nov 26 08:40:42 UTC 2025","PUT /api/v1/programs/{id}","Educational Program API Controller Tests","education.kub.backend.ce.domain.educational_program.controller.EducationalProgramControllerTests$EducationalProgramsTests$EducationalProgramTests$UpdateEducationalProgramTests","UpdateProgramWithEmptyRequestField"
"When request body without required field, POST /api/v1/users returns 400.","239","When request body without required field, POST /api/v1/users returns 400 [1] request_field=first_name","Controller tests","Wed Nov 26 08:41:27 UTC 2025","failed","Wed Nov 26 08:41:27 UTC 2025","POST /api/v1/users","User API Controller Tests","education.kub.backend.ce.domain.user.controller.UserControllerTests$UsersTests$CreateUserTests","CreateUserWithoutRequestField"
"When request is valid, POST /api/v1/users returns 201 and valid response.","239","When request is valid, POST /api/v1/users returns 201 and valid response [1] user_creator_role=ADMIN","Controller tests","Wed Nov 26 08:41:29 UTC 2025","passed","Wed Nov 26 08:41:29 UTC 2025","POST /api/v1/users","User API Controller Tests","education.kub.backend.ce.domain.user.controller.UserControllerTests$UsersTests$CreateUserTests","CreateUserSuccessWithAllowedRoles"
"When valid request with missing roles, GET /api/v1/users/{id} returns 401.","168","When valid request with missing roles, GET /api/v1/users/{id} returns 401 [1] user_creator_role=USER","Controller tests","Wed Nov 26 08:41:22 UTC 2025","failed","Wed Nov 26 08:41:22 UTC 2025","GET /api/v1/users/{id}","User API Controller Tests","education.kub.backend.ce.domain.user.controller.UserControllerTests$UsersTests$UserTests$GetUserTests","GetUserWithNotAllowedRole"
"When request body with not lowercase email field, PUT /api/v1/users/{id} returns 422.","240","When request body with not lowercase email field, PUT /api/v1/users/{id} returns 422","Controller tests","Wed Nov 26 08:41:17 UTC 2025","failed","Wed Nov 26 08:41:17 UTC 2025","PUT /api/v1/users/{id}","User API Controller Tests","education.kub.backend.ce.domain.user.controller.UserControllerTests$UsersTests$UserTests$UpdateUserTests","CreateUserWithNonLowerCaseEmailField"
"When request with invalid access token header, GET /api/v1/users returns 401.","77","When request with invalid access token header, GET /api/v1/users returns 401","Controller tests","Wed Nov 26 08:41:24 UTC 2025","passed","Wed Nov 26 08:41:24 UTC 2025","GET /api/v1/users","User API Controller Tests","education.kub.backend.ce.domain.user.controller.UserControllerTests$UsersTests$GetUsersTests","GetUsersWithInvalidToken"
"When request without access token header, DELETE /api/v1/users/{id} returns 401.","77","When request without access token header, DELETE /api/v1/users/{id} returns 401","Controller tests","Wed Nov 26 08:41:14 UTC 2025","failed","Wed Nov 26 08:41:14 UTC 2025","DELETE /api/v1/users/{id}","User API Controller Tests","education.kub.backend.ce.domain.user.controller.UserControllerTests$UsersTests$UserTests$DeleteUserTests","DeleteUserWithoutToken"
"When valid request with missing roles, DELETE /api/v1/educational-programs/{id} returns 401.","208","When valid request with missing roles, DELETE /api/v1/educational-programs/{id} returns 401 [5] user_creator_role=SYSADMIN","Controller tests","Wed Nov 26 08:40:37 UTC 2025","failed","Wed Nov 26 08:40:37 UTC 2025","DELETE /api/v1/educational-programs/{id}","Educational Program API Controller Tests","education.kub.backend.ce.domain.educational_program.controller.EducationalProgramControllerTests$EducationalProgramsTests$EducationalProgramTests$DeleteEducationalProgramTests","DeleteProgramWithNotAllowedRole"
"When request without access token header, DELETE /api/v1/rooms/{id} returns 401.","81","When request without access token header, DELETE /api/v1/rooms/{id} returns 401","Controller tests","Wed Nov 26 08:40:48 UTC 2025","failed","Wed Nov 26 08:40:48 UTC 2025","DELETE /api/v1/rooms/{id}","Room API Controller Tests","education.kub.backend.ce.domain.room.controller.RoomControllerTests$RoomsTests$RoomTests$DeleteRoomTests","DeleteRoomWithoutToken"
"When request with invalid access token header, GET /api/v1/rooms returns 401.","79","When request with invalid access token header, GET /api/v1/rooms returns 401","Controller tests","Wed Nov 26 08:40:54 UTC 2025","passed","Wed Nov 26 08:40:54 UTC 2025","GET /api/v1/rooms","Room API Controller Tests","education.kub.backend.ce.domain.room.controller.RoomControllerTests$RoomsTests$GetRoomsTests","GetRoomsWithInvalidToken"
"When valid request with missing roles, GET /api/v1/rooms returns 401.","178","When valid request with missing roles, GET /api/v1/rooms returns 401 [4] user_creator_role=ORGANIZER","Controller tests","Wed Nov 26 08:40:55 UTC 2025","failed","Wed Nov 26 08:40:55 UTC 2025","GET /api/v1/rooms","Room API Controller Tests","education.kub.backend.ce.domain.room.controller.RoomControllerTests$RoomsTests$GetRoomsTests","GetRoomsWithNotAllowedRole"
"When request with invalid refresh token header, POST /api/v1/auth/refresh returns 401.","96","When request with invalid refresh token header, POST /api/v1/auth/refresh returns 401","Controller tests","Wed Nov 26 08:41:00 UTC 2025","failed","Wed Nov 26 08:41:01 UTC 2025","POST /api/v1/auth/refresh","Auth API Controller Tests","education.kub.backend.ce.domain.auth.controller.AuthControllerTests$RefreshTests","RefreshWithInvalidRefreshToken"
"When request body with invalid degree_type enum field, PUT /api/v1/programs/{id} returns 422.","184","When request body with invalid degree_type enum field, PUT /api/v1/programs/{id} returns 422","Controller tests","Wed Nov 26 08:40:40 UTC 2025","failed","Wed Nov 26 08:40:40 UTC 2025","PUT /api/v1/programs/{id}","Educational Program API Controller Tests","education.kub.backend.ce.domain.educational_program.controller.EducationalProgramControllerTests$EducationalProgramsTests$EducationalProgramTests$UpdateEducationalProgramTests","CreateProgramWithInvalidDegreeTypeFieldString"
"When request body with email field length what exceeds max possible length (64), POST /api/v1/users returns 422.","259","When request body with email field length what exceeds max possible length (64), POST /api/v1/users returns 422","Controller tests","Wed Nov 26 08:41:19 UTC 2025","failed","Wed Nov 26 08:41:20 UTC 2025","PUT /api/v1/users/{id}","User API Controller Tests","education.kub.backend.ce.domain.user.controller.UserControllerTests$UsersTests$UserTests$UpdateUserTests","CreateUserWithTooLongEmailField"
"When valid request with missing roles, GET /api/v1/users/{id} returns 401.","168","When valid request with missing roles, GET /api/v1/users/{id} returns 401 [3] user_creator_role=LECTURER","Controller tests","Wed Nov 26 08:41:22 UTC 2025","failed","Wed Nov 26 08:41:22 UTC 2025","GET /api/v1/users/{id}","User API Controller Tests","education.kub.backend.ce.domain.user.controller.UserControllerTests$UsersTests$UserTests$GetUserTests","GetUserWithNotAllowedRole"
"When request body without optional field, PUT /api/v1/programs/{id} returns 200.","192","When request body without optional field, PUT /api/v1/programs/{id} returns 200 [1] request_field=specialty_id","Controller tests","Wed Nov 26 08:40:42 UTC 2025","passed","Wed Nov 26 08:40:42 UTC 2025","PUT /api/v1/programs/{id}","Educational Program API Controller Tests","education.kub.backend.ce.domain.educational_program.controller.EducationalProgramControllerTests$EducationalProgramsTests$EducationalProgramTests$UpdateEducationalProgramTests","UpdateProgramSuccessWithoutOptionalRequestField"
"When request with role url parameter for not existing user, PUT /api/v1/users/{id}/roles/{role-id} returns 404.","170","When request with role url parameter for not existing user, PUT /api/v1/users/{id}/roles/{role-id} returns 404","Controller tests","Wed Nov 26 08:41:11 UTC 2025","passed","Wed Nov 26 08:41:11 UTC 2025","PUT /api/v1/users/{id}/roles/{role-id}","User API Controller Tests","education.kub.backend.ce.domain.user.controller.UserControllerTests$UsersTests$UserTests$UserRoleTests$AddRoleTests","AddRoleWithNonExistedRole"
"When request with invalid room id url parameter, DELETE /api/v1/rooms/{id} returns 400.","178","When request with invalid room id url parameter, DELETE /api/v1/rooms/{id} returns 400","Controller tests","Wed Nov 26 08:40:48 UTC 2025","passed","Wed Nov 26 08:40:48 UTC 2025","DELETE /api/v1/rooms/{id}","Room API Controller Tests","education.kub.backend.ce.domain.room.controller.RoomControllerTests$RoomsTests$RoomTests$DeleteRoomTests","DeleteRoomWithInvalidIdUrlParameter"
"When request with invalid user id url parameter, DELETE /api/v1/users/{id}/roles/{role-id} returns 400.","173","When request with invalid user id url parameter, DELETE /api/v1/users/{id}/roles/{role-id} returns 400","Controller tests","Wed Nov 26 08:41:09 UTC 2025","passed","Wed Nov 26 08:41:09 UTC 2025","DELETE /api/v1/users/{id}/roles/{role-id}","User API Controller Tests","education.kub.backend.ce.domain.user.controller.UserControllerTests$UsersTests$UserTests$UserRoleTests$RemoveRoleTests","RemoveRoleWithInvalidUserIdUrlParameter"
"When valid request with missing roles, DELETE /api/v1/users/{id} returns 401.","169","When valid request with missing roles, DELETE /api/v1/users/{id} returns 401 [1] user_creator_role=USER","Controller tests","Wed Nov 26 08:41:15 UTC 2025","failed","Wed Nov 26 08:41:15 UTC 2025","DELETE /api/v1/users/{id}","User API Controller Tests","education.kub.backend.ce.domain.user.controller.UserControllerTests$UsersTests$UserTests$DeleteUserTests","DeleteUserWithNotAllowedRole"
"When valid request with missing roles, GET /api/v1/roles returns 401.","185","When valid request with missing roles, GET /api/v1/roles returns 401 [3] user_creator_role=LECTURER","Controller tests","Wed Nov 26 08:41:08 UTC 2025","failed","Wed Nov 26 08:41:08 UTC 2025","GET /api/v1/roles","User API Controller Tests","education.kub.backend.ce.domain.user.controller.UserControllerTests$GetRolesTests","GetRolesWithNotAllowedRole"
"When request is valid, PUT /api/v1/rooms/{id} returns 201 and valid response.","190","When request is valid, PUT /api/v1/rooms/{id} returns 201 and valid response","Controller tests","Wed Nov 26 08:40:49 UTC 2025","passed","Wed Nov 26 08:40:49 UTC 2025","PUT /api/v1/rooms/{id}","Room API Controller Tests","education.kub.backend.ce.domain.room.controller.RoomControllerTests$RoomsTests$RoomTests$UpdateRoomTests","UpdateRoomSuccessWithAllowedRole"
"When request is valid, POST /api/v1/users/{id}/resend returns 200 and valid response.","250","When request is valid, POST /api/v1/users/{id}/resend returns 200 and valid response [1] user_creator_role=ADMIN","Controller tests","Wed Nov 26 08:41:13 UTC 2025","passed","Wed Nov 26 08:41:14 UTC 2025","POST /api/v1/users/{id}/resend","User API Controller Tests","education.kub.backend.ce.domain.user.controller.UserControllerTests$UsersTests$UserTests$ResendPasswordTests","ResendPasswordSuccessWithAllowedRole"
"When valid request body without description field, POST /api/v1/rooms returns 201 and valid response.","173","When valid request body without description field, POST /api/v1/rooms returns 201 and valid response","Controller tests","Wed Nov 26 08:40:55 UTC 2025","passed","Wed Nov 26 08:40:56 UTC 2025","POST /api/v1/rooms","Room API Controller Tests","education.kub.backend.ce.domain.room.controller.RoomControllerTests$RoomsTests$CreateRoomTests","CreateRoomSuccessOnRoomWithoutDescription"
"When request with invalid id url parameter, POST /api/v1/users/{id}/resend returns 400.","167","When request with invalid id url parameter, POST /api/v1/users/{id}/resend returns 400","Controller tests","Wed Nov 26 08:41:12 UTC 2025","passed","Wed Nov 26 08:41:13 UTC 2025","POST /api/v1/users/{id}/resend","User API Controller Tests","education.kub.backend.ce.domain.user.controller.UserControllerTests$UsersTests$UserTests$ResendPasswordTests","ResendPasswordWithInvalidIdUrlParameter"
"When request body with empty field, PUT /api/v1/users/{id} returns 422.","241","When request body with empty field, PUT /api/v1/users/{id} returns 422 [3] request_field=middle_name","Controller tests","Wed Nov 26 08:41:21 UTC 2025","failed","Wed Nov 26 08:41:21 UTC 2025","PUT /api/v1/users/{id}","User API Controller Tests","education.kub.backend.ce.domain.user.controller.UserControllerTests$UsersTests$UserTests$UpdateUserTests","UpdateUserWithEmptyRequestField"
"When request is valid, GET /api/v1/users returns 200 and valid response.","170","When request is valid, GET /api/v1/users returns 200 and valid response [1] user_creator_role=ADMIN","Controller tests","Wed Nov 26 08:41:23 UTC 2025","passed","Wed Nov 26 08:41:23 UTC 2025","GET /api/v1/users","User API Controller Tests","education.kub.backend.ce.domain.user.controller.UserControllerTests$UsersTests$GetUsersTests","GetUsersSuccessWithAllowedRoles"
"When valid request with missing roles, PUT /api/v1/programs/{id} returns 401.","198","When valid request with missing roles, PUT /api/v1/programs/{id} returns 401 [1] user_creator_role=USER","Controller tests","Wed Nov 26 08:40:40 UTC 2025","failed","Wed Nov 26 08:40:40 UTC 2025","PUT /api/v1/programs/{id}","Educational Program API Controller Tests","education.kub.backend.ce.domain.educational_program.controller.EducationalProgramControllerTests$EducationalProgramsTests$EducationalProgramTests$UpdateEducationalProgramTests","UpdateProgramWithNotAllowedRole"
"When request with invalid id url parameter, GET /api/v1/rooms/{id} returns 400.","177","When request with invalid id url parameter, GET /api/v1/rooms/{id} returns 400","Controller tests","Wed Nov 26 08:40:53 UTC 2025","passed","Wed Nov 26 08:40:53 UTC 2025","GET /api/v1/rooms/{id}","Room API Controller Tests","education.kub.backend.ce.domain.room.controller.RoomControllerTests$RoomsTests$RoomTests$GetRoomTests","GetRoomWithInvalidIdUrlParameter"
"When valid request with missing roles, DELETE /api/v1/users/{id}/roles/{role-id} returns 401.","176","When valid request with missing roles, DELETE /api/v1/users/{id}/roles/{role-id} returns 401 [2] user_creator_role=STUDENT","Controller tests","Wed Nov 26 08:41:09 UTC 2025","failed","Wed Nov 26 08:41:09 UTC 2025","DELETE /api/v1/users/{id}/roles/{role-id}","User API Controller Tests","education.kub.backend.ce.domain.user.controller.UserControllerTests$UsersTests$UserTests$UserRoleTests$RemoveRoleTests","RemoveRoleWithNotAllowedRole"
"When request body with invalid study_form enum field, PUT /api/v1/programs/{id} returns 422.","218","When request body with invalid study_form enum field, PUT /api/v1/programs/{id} returns 422","Controller tests","Wed Nov 26 08:40:38 UTC 2025","failed","Wed Nov 26 08:40:38 UTC 2025","PUT /api/v1/programs/{id}","Educational Program API Controller Tests","education.kub.backend.ce.domain.educational_program.controller.EducationalProgramControllerTests$EducationalProgramsTests$EducationalProgramTests$UpdateEducationalProgramTests","CreateProgramWithInvalidStudyFormFieldString"
"When request body with negative duration field value, PUT /api/v1/programs/{id} returns 422.","182","When request body with negative duration field value, PUT /api/v1/programs/{id} returns 422","Controller tests","Wed Nov 26 08:40:43 UTC 2025","passed","Wed Nov 26 08:40:43 UTC 2025","PUT /api/v1/programs/{id}","Educational Program API Controller Tests","education.kub.backend.ce.domain.educational_program.controller.EducationalProgramControllerTests$EducationalProgramsTests$EducationalProgramTests$UpdateEducationalProgramTests","CreateProgramWithNegativeDurationFieldValue"
"When valid request with missing roles, PUT /api/v1/programs/{id} returns 401.","193","When valid request with missing roles, PUT /api/v1/programs/{id} returns 401 [4] user_creator_role=ORGANIZER","Controller tests","Wed Nov 26 08:40:40 UTC 2025","failed","Wed Nov 26 08:40:41 UTC 2025","PUT /api/v1/programs/{id}","Educational Program API Controller Tests","education.kub.backend.ce.domain.educational_program.controller.EducationalProgramControllerTests$EducationalProgramsTests$EducationalProgramTests$UpdateEducationalProgramTests","UpdateProgramWithNotAllowedRole"
"When valid request with missing roles, PUT /api/v1/users/{id} returns 401.","170","When valid request with missing roles, PUT /api/v1/users/{id} returns 401 [1] user_creator_role=USER","Controller tests","Wed Nov 26 08:41:16 UTC 2025","failed","Wed Nov 26 08:41:17 UTC 2025","PUT /api/v1/users/{id}","User API Controller Tests","education.kub.backend.ce.domain.user.controller.UserControllerTests$UsersTests$UserTests$UpdateUserTests","UpdateUserWithNotAllowedRole"
"When request is valid, GET /api/v1/educational-programs returns 200 and valid response.","192","When request is valid, GET /api/v1/educational-programs returns 200 and valid response","Controller tests","Wed Nov 26 08:40:45 UTC 2025","passed","Wed Nov 26 08:40:45 UTC 2025","GET /api/v1/educational-programs","Educational Program API Controller Tests","education.kub.backend.ce.domain.educational_program.controller.EducationalProgramControllerTests$EducationalProgramsTests$GetEducationalProgramsTests","GetProgramsSuccess"
"When request with id url parameter for not existing user, DELETE /api/v1/users/{id}/roles/{role-id} returns 404.","170","When request with id url parameter for not existing user, DELETE /api/v1/users/{id}/roles/{role-id} returns 404","Controller tests","Wed Nov 26 08:41:08 UTC 2025","passed","Wed Nov 26 08:41:09 UTC 2025","DELETE /api/v1/users/{id}/roles/{role-id}","User API Controller Tests","education.kub.backend.ce.domain.user.controller.UserControllerTests$UsersTests$UserTests$UserRoleTests$RemoveRoleTests","RemoveRoleWithNonExistedUser"
"When request is valid, POST /api/v1/auth/refresh returns 200.","282","When request is valid, POST /api/v1/auth/refresh returns 200","Controller tests","Wed Nov 26 08:41:00 UTC 2025","passed","Wed Nov 26 08:41:00 UTC 2025","POST /api/v1/auth/refresh","Auth API Controller Tests","education.kub.backend.ce.domain.auth.controller.AuthControllerTests$RefreshTests","RefreshSuccess"
"When request body with name field length what exceeds max possible length (128), PUT /api/v1/programs/{id} returns 422.","201","When request body with name field length what exceeds max possible length (128), PUT /api/v1/programs/{id} returns 422","Controller tests","Wed Nov 26 08:40:39 UTC 2025","passed","Wed Nov 26 08:40:39 UTC 2025","PUT /api/v1/programs/{id}","Educational Program API Controller Tests","education.kub.backend.ce.domain.educational_program.controller.EducationalProgramControllerTests$EducationalProgramsTests$EducationalProgramTests$UpdateEducationalProgramTests","CreateProgramWithTooLongNameFieldString"
"When request with Program id url parameter for not existing Program, GET /api/v1/educational-programs/{id} returns 404.","193","When request with Program id url parameter for not existing Program, GET /api/v1/educational-programs/{id} returns 404","Controller tests","Wed Nov 26 08:40:44 UTC 2025","passed","Wed Nov 26 08:40:45 UTC 2025","GET /api/v1/educational-programs/{id}","Educational Program API Controller Tests","education.kub.backend.ce.domain.educational_program.controller.EducationalProgramControllerTests$EducationalProgramsTests$EducationalProgramTests$GetEducationalProgramTests","GetProgramWithNonExistedProgram"
"When request body without optional field, PUT /api/v1/rooms/{id} returns 200.","183","When request body without optional field, PUT /api/v1/rooms/{id} returns 200 [1] request_field=location","Controller tests","Wed Nov 26 08:40:52 UTC 2025","passed","Wed Nov 26 08:40:52 UTC 2025","PUT /api/v1/rooms/{id}","Room API Controller Tests","education.kub.backend.ce.domain.room.controller.RoomControllerTests$RoomsTests$RoomTests$UpdateRoomTests","UpdateRoomSuccessWithoutOptionalRequestField"
"When request is valid, POST /api/v1/account/change-password returns 204 and valid response.","315","When request is valid, POST /api/v1/account/change-password returns 204 and valid response","Controller tests","Wed Nov 26 08:41:04 UTC 2025","passed","Wed Nov 26 08:41:04 UTC 2025","POST /api/v1/account/change-password","Account API Controller Tests","education.kub.backend.ce.domain.user.controller.AccountControllerTests$ChangePasswordTests","ChangePasswordSuccess"
"When request body with negative capacity field value, PUT /api/v1/rooms/{id} returns 422.","182","When request body with negative capacity field value, PUT /api/v1/rooms/{id} returns 422","Controller tests","Wed Nov 26 08:40:49 UTC 2025","failed","Wed Nov 26 08:40:50 UTC 2025","PUT /api/v1/rooms/{id}","Room API Controller Tests","education.kub.backend.ce.domain.room.controller.RoomControllerTests$RoomsTests$RoomTests$UpdateRoomTests","CreateRoomWithNegativeCapacityFieldValue"
"When request is valid, DELETE /api/v1/users/{id}/roles/{role-id} returns 200.","174","When request is valid, DELETE /api/v1/users/{id}/roles/{role-id} returns 200 [2] user_creator_role=SYSADMIN","Controller tests","Wed Nov 26 08:41:10 UTC 2025","passed","Wed Nov 26 08:41:10 UTC 2025","DELETE /api/v1/users/{id}/roles/{role-id}","User API Controller Tests","education.kub.backend.ce.domain.user.controller.UserControllerTests$UsersTests$UserTests$UserRoleTests$RemoveRoleTests","RemoveRoleSuccessWithAllowedRole"
"When request with invalid access token header, GET /api/v1/educational-programs/{id} returns 401.","81","When request with invalid access token header, GET /api/v1/educational-programs/{id} returns 401","Controller tests","Wed Nov 26 08:40:44 UTC 2025","passed","Wed Nov 26 08:40:44 UTC 2025","GET /api/v1/educational-programs/{id}","Educational Program API Controller Tests","education.kub.backend.ce.domain.educational_program.controller.EducationalProgramControllerTests$EducationalProgramsTests$EducationalProgramTests$GetEducationalProgramTests","GetProgramWithInvalidToken"
"When request is valid, GET /api/v1/users returns 200 and valid response.","191","When request is valid, GET /api/v1/users returns 200 and valid response [2] user_creator_role=SYSADMIN","Controller tests","Wed Nov 26 08:41:23 UTC 2025","passed","Wed Nov 26 08:41:23 UTC 2025","GET /api/v1/users","User API Controller Tests","education.kub.backend.ce.domain.user.controller.UserControllerTests$UsersTests$GetUsersTests","GetUsersSuccessWithAllowedRoles"
"When valid request with missing roles, POST /api/v1/users/{id}/resend returns 401.","241","When valid request with missing roles, POST /api/v1/users/{id}/resend returns 401 [2] user_creator_role=STUDENT","Controller tests","Wed Nov 26 08:41:13 UTC 2025","failed","Wed Nov 26 08:41:13 UTC 2025","POST /api/v1/users/{id}/resend","User API Controller Tests","education.kub.backend.ce.domain.user.controller.UserControllerTests$UsersTests$UserTests$ResendPasswordTests","ResendPasswordWithNotAllowedRole"
"When request is valid, PUT /api/v1/users/{id}/roles/{role-id} returns 200 and valid response.","177","When request is valid, PUT /api/v1/users/{id}/roles/{role-id} returns 200 and valid response [2] user_creator_role=SYSADMIN","Controller tests","Wed Nov 26 08:41:10 UTC 2025","passed","Wed Nov 26 08:41:10 UTC 2025","PUT /api/v1/users/{id}/roles/{role-id}","User API Controller Tests","education.kub.backend.ce.domain.user.controller.UserControllerTests$UsersTests$UserTests$UserRoleTests$AddRoleTests","AddRoleSuccessWithAllowedRole"
"When request body without required field, PUT /api/v1/users/{id} returns 400.","242","When request body without required field, PUT /api/v1/users/{id} returns 400 [1] request_field=first_name","Controller tests","Wed Nov 26 08:41:18 UTC 2025","failed","Wed Nov 26 08:41:18 UTC 2025","PUT /api/v1/users/{id}","User API Controller Tests","education.kub.backend.ce.domain.user.controller.UserControllerTests$UsersTests$UserTests$UpdateUserTests","UpdateUserWithoutRequestField"
"When request body without optional field, PUT /api/v1/programs/{id} returns 200.","194","When request body without optional field, PUT /api/v1/programs/{id} returns 200 [2] request_field=name","Controller tests","Wed Nov 26 08:40:42 UTC 2025","passed","Wed Nov 26 08:40:42 UTC 2025","PUT /api/v1/programs/{id}","Educational Program API Controller Tests","education.kub.backend.ce.domain.educational_program.controller.EducationalProgramControllerTests$EducationalProgramsTests$EducationalProgramTests$UpdateEducationalProgramTests","UpdateProgramSuccessWithoutOptionalRequestField"
"When valid request with missing roles, POST /api/v1/rooms returns 401.","172","When valid request with missing roles, POST /api/v1/rooms returns 401 [5] user_creator_role=SYSADMIN","Controller tests","Wed Nov 26 08:40:58 UTC 2025","failed","Wed Nov 26 08:40:59 UTC 2025","POST /api/v1/rooms","Room API Controller Tests","education.kub.backend.ce.domain.room.controller.RoomControllerTests$RoomsTests$CreateRoomTests","CreateRoomWithNotAllowedRole"
"When request is valid, POST /api/v1/users/{id}/resend returns 200 and valid response.","250","When request is valid, POST /api/v1/users/{id}/resend returns 200 and valid response [2] user_creator_role=SYSADMIN","Controller tests","Wed Nov 26 08:41:14 UTC 2025","passed","Wed Nov 26 08:41:14 UTC 2025","POST /api/v1/users/{id}/resend","User API Controller Tests","education.kub.backend.ce.domain.user.controller.UserControllerTests$UsersTests$UserTests$ResendPasswordTests","ResendPasswordSuccessWithAllowedRole"
"When valid request with location field equal to another existing Program, PUT /api/v1/programs/{id} returns 409.","186","When valid request with location field equal to another existing Program, PUT /api/v1/programs/{id} returns 409","Controller tests","Wed Nov 26 08:40:41 UTC 2025","failed","Wed Nov 26 08:40:41 UTC 2025","PUT /api/v1/programs/{id}","Educational Program API Controller Tests","education.kub.backend.ce.domain.educational_program.controller.EducationalProgramControllerTests$EducationalProgramsTests$EducationalProgramTests$UpdateEducationalProgramTests","UpdateProgramWithSameLocation"
"When request is valid, GET /api/v1/users/{id} returns 200 and valid response.","169","When request is valid, GET /api/v1/users/{id} returns 200 and valid response [2] user_creator_role=SYSADMIN","Controller tests","Wed Nov 26 08:41:23 UTC 2025","passed","Wed Nov 26 08:41:23 UTC 2025","GET /api/v1/users/{id}","User API Controller Tests","education.kub.backend.ce.domain.user.controller.UserControllerTests$UsersTests$UserTests$GetUserTests","GetUserSuccessWithAllowedRoles"
"When valid request with missing roles, POST /api/v1/rooms returns 401.","172","When valid request with missing roles, POST /api/v1/rooms returns 401 [3] user_creator_role=LECTURER","Controller tests","Wed Nov 26 08:40:58 UTC 2025","failed","Wed Nov 26 08:40:58 UTC 2025","POST /api/v1/rooms","Room API Controller Tests","education.kub.backend.ce.domain.room.controller.RoomControllerTests$RoomsTests$CreateRoomTests","CreateRoomWithNotAllowedRole"
"When request is valid, GET /api/v1/roles returns 200 and valid response.","179","When request is valid, GET /api/v1/roles returns 200 and valid response [3] user_creator_role=ORGANIZER","Controller tests","Wed Nov 26 08:41:07 UTC 2025","passed","Wed Nov 26 08:41:07 UTC 2025","GET /api/v1/roles","User API Controller Tests","education.kub.backend.ce.domain.user.controller.UserControllerTests$GetRolesTests","GetRolesSuccessWithAllowedRole"
"When valid request with missing roles, POST /api/v1/users returns 401.","175","When valid request with missing roles, POST /api/v1/users returns 401 [3] user_creator_role=LECTURER","Controller tests","Wed Nov 26 08:41:28 UTC 2025","failed","Wed Nov 26 08:41:28 UTC 2025","POST /api/v1/users","User API Controller Tests","education.kub.backend.ce.domain.user.controller.UserControllerTests$UsersTests$CreateUserTests","CreateUserWithNotAllowedRole"
"When request body with not lowercase email field, POST /api/v1/users returns 422.","239","When request body with not lowercase email field, POST /api/v1/users returns 422","Controller tests","Wed Nov 26 08:41:26 UTC 2025","failed","Wed Nov 26 08:41:26 UTC 2025","POST /api/v1/users","User API Controller Tests","education.kub.backend.ce.domain.user.controller.UserControllerTests$UsersTests$CreateUserTests","CreateUserWithNonLowerCaseEmailField"
"When request body with not email field length what exceeds max possible length (32), POST /api/v1/users returns 422.","246","When request body with not email field length what exceeds max possible length (32), POST /api/v1/users returns 422 [2] request_field=last_name","Controller tests","Wed Nov 26 08:41:20 UTC 2025","failed","Wed Nov 26 08:41:20 UTC 2025","PUT /api/v1/users/{id}","User API Controller Tests","education.kub.backend.ce.domain.user.controller.UserControllerTests$UsersTests$UserTests$UpdateUserTests","UpdateUserWithTooLongNotEmailField"
"When request body with not email field length what exceeds max possible length (32), POST /api/v1/users returns 422.","255","When request body with not email field length what exceeds max possible length (32), POST /api/v1/users returns 422 [1] request_field=first_name","Controller tests","Wed Nov 26 08:41:20 UTC 2025","failed","Wed Nov 26 08:41:20 UTC 2025","PUT /api/v1/users/{id}","User API Controller Tests","education.kub.backend.ce.domain.user.controller.UserControllerTests$UsersTests$UserTests$UpdateUserTests","UpdateUserWithTooLongNotEmailField"
"When request body with capacity field value what exceeds max possible value (32767), POST /api/v1/rooms returns 400.","173","When request body with capacity field value what exceeds max possible value (32767), POST /api/v1/rooms returns 400","Controller tests","Wed Nov 26 08:40:57 UTC 2025","failed","Wed Nov 26 08:40:58 UTC 2025","POST /api/v1/rooms","Room API Controller Tests","education.kub.backend.ce.domain.room.controller.RoomControllerTests$RoomsTests$CreateRoomTests","CreateRoomWithTooBigCapacityFieldValue"
"When request is valid, GET /api/v1/account/me returns 200 and valid response.","186","When request is valid, GET /api/v1/account/me returns 200 and valid response","Controller tests","Wed Nov 26 08:41:05 UTC 2025","passed","Wed Nov 26 08:41:05 UTC 2025","GET /api/v1/account/me","Account API Controller Tests","education.kub.backend.ce.domain.user.controller.AccountControllerTests$AccountMeTests","GetUserAccountInfoSuccess"
"When request with invalid access token header, PUT /api/v1/rooms/{id} returns 401.","83","When request with invalid access token header, PUT /api/v1/rooms/{id} returns 401","Controller tests","Wed Nov 26 08:40:50 UTC 2025","passed","Wed Nov 26 08:40:50 UTC 2025","PUT /api/v1/rooms/{id}","Room API Controller Tests","education.kub.backend.ce.domain.room.controller.RoomControllerTests$RoomsTests$RoomTests$UpdateRoomTests","UpdateRoomWithInvalidToken"
"When request without body, PUT /api/v1/rooms/{id} returns 400.","178","When request without body, PUT /api/v1/rooms/{id} returns 400","Controller tests","Wed Nov 26 08:40:50 UTC 2025","failed","Wed Nov 26 08:40:50 UTC 2025","PUT /api/v1/rooms/{id}","Room API Controller Tests","education.kub.backend.ce.domain.room.controller.RoomControllerTests$RoomsTests$RoomTests$UpdateRoomTests","UpdateRoomWithEmptyRequestBody"
"When request without access token header, DELETE /api/v1/users/{id}/roles/{role-id} returns 401.","81","When request without access token header, DELETE /api/v1/users/{id}/roles/{role-id} returns 401","Controller tests","Wed Nov 26 08:41:08 UTC 2025","failed","Wed Nov 26 08:41:08 UTC 2025","DELETE /api/v1/users/{id}/roles/{role-id}","User API Controller Tests","education.kub.backend.ce.domain.user.controller.UserControllerTests$UsersTests$UserTests$UserRoleTests$RemoveRoleTests","RemoveRoleWithoutToken"
"When request body with wrong password, POST /api/v1/auth/login returns 401.","255","When request body with wrong password, POST /api/v1/auth/login returns 401","Controller tests","Wed Nov 26 08:41:02 UTC 2025","passed","Wed Nov 26 08:41:02 UTC 2025","POST /api/v1/auth/login","Auth API Controller Tests","education.kub.backend.ce.domain.auth.controller.AuthControllerTests$LoginTests","LoginWithWrongPassword"
"When valid request with missing roles, POST /api/v1/users/{id}/resend returns 401.","242","When valid request with missing roles, POST /api/v1/users/{id}/resend returns 401 [1] user_creator_role=USER","Controller tests","Wed Nov 26 08:41:13 UTC 2025","failed","Wed Nov 26 08:41:13 UTC 2025","POST /api/v1/users/{id}/resend","User API Controller Tests","education.kub.backend.ce.domain.user.controller.UserControllerTests$UsersTests$UserTests$ResendPasswordTests","ResendPasswordWithNotAllowedRole"
"When request with invalid room id url parameter, PUT /api/v1/rooms/{id} returns 400.","182","When request with invalid room id url parameter, PUT /api/v1/rooms/{id} returns 400","Controller tests","Wed Nov 26 08:40:49 UTC 2025","passed","Wed Nov 26 08:40:49 UTC 2025","PUT /api/v1/rooms/{id}","Room API Controller Tests","education.kub.backend.ce.domain.room.controller.RoomControllerTests$RoomsTests$RoomTests$UpdateRoomTests","UpdateRoomWithInvalidIdUrlParameter"
"When request is valid, POST /api/v1/auth/logout returns 204.","174","When request is valid, POST /api/v1/auth/logout returns 204","Controller tests","Wed Nov 26 08:41:01 UTC 2025","passed","Wed Nov 26 08:41:01 UTC 2025","POST /api/v1/auth/logout","Auth API Controller Tests","education.kub.backend.ce.domain.auth.controller.AuthControllerTests$LogoutTests","LogoutSuccess"
"When request with invalid role id url parameter, PUT /api/v1/users/{id}/roles/{role-id} returns 400.","171","When request with invalid role id url parameter, PUT /api/v1/users/{id}/roles/{role-id} returns 400","Controller tests","Wed Nov 26 08:41:11 UTC 2025","passed","Wed Nov 26 08:41:11 UTC 2025","PUT /api/v1/users/{id}/roles/{role-id}","User API Controller Tests","education.kub.backend.ce.domain.user.controller.UserControllerTests$UsersTests$UserTests$UserRoleTests$AddRoleTests","AddRoleWithInvalidRoleIdUrlParameter"
"When request body without old password, POST /api/v1/account/change-password returns 401.","189","When request body without old password, POST /api/v1/account/change-password returns 401","Controller tests","Wed Nov 26 08:41:03 UTC 2025","failed","Wed Nov 26 08:41:03 UTC 2025","POST /api/v1/account/change-password","Account API Controller Tests","education.kub.backend.ce.domain.user.controller.AccountControllerTests$ChangePasswordTests","ChangePasswordWithoutOldPassword"
"When valid request with missing roles, GET /api/v1/users/{id} returns 401.","170","When valid request with missing roles, GET /api/v1/users/{id} returns 401 [2] user_creator_role=STUDENT","Controller tests","Wed Nov 26 08:41:22 UTC 2025","failed","Wed Nov 26 08:41:22 UTC 2025","GET /api/v1/users/{id}","User API Controller Tests","education.kub.backend.ce.domain.user.controller.UserControllerTests$UsersTests$UserTests$GetUserTests","GetUserWithNotAllowedRole"
"When request without access token header, POST /api/v1/users/{id}/resend returns 401.","77","When request without access token header, POST /api/v1/users/{id}/resend returns 401","Controller tests","Wed Nov 26 08:41:12 UTC 2025","failed","Wed Nov 26 08:41:12 UTC 2025","POST /api/v1/users/{id}/resend","User API Controller Tests","education.kub.backend.ce.domain.user.controller.UserControllerTests$UsersTests$UserTests$ResendPasswordTests","ResendPasswordWithoutToken"
"When request without access token header, POST /api/v1/auth/logout returns 401.","92","When request without access token header, POST /api/v1/auth/logout returns 401","Controller tests","Wed Nov 26 08:41:01 UTC 2025","failed","Wed Nov 26 08:41:01 UTC 2025","POST /api/v1/auth/logout","Auth API Controller Tests","education.kub.backend.ce.domain.auth.controller.AuthControllerTests$LogoutTests","LogoutWithoutBearerToken"
"When valid request with missing roles, PUT /api/v1/rooms/{id} returns 401.","176","When valid request with missing roles, PUT /api/v1/rooms/{id} returns 401 [3] user_creator_role=LECTURER","Controller tests","Wed Nov 26 08:40:51 UTC 2025","failed","Wed Nov 26 08:40:51 UTC 2025","PUT /api/v1/rooms/{id}","Room API Controller Tests","education.kub.backend.ce.domain.room.controller.RoomControllerTests$RoomsTests$RoomTests$UpdateRoomTests","UpdateRoomWithNotAllowedRole"
"When request with id url parameter for not existing program, DELETE /api/v1/educational-programs/{id} returns 404.","2741","When request with id url parameter for not existing program, DELETE /api/v1/educational-programs/{id} returns 404","Controller tests","Wed Nov 26 08:40:33 UTC 2025","passed","Wed Nov 26 08:40:36 UTC 2025","DELETE /api/v1/educational-programs/{id}","Educational Program API Controller Tests","education.kub.backend.ce.domain.educational_program.controller.EducationalProgramControllerTests$EducationalProgramsTests$EducationalProgramTests$DeleteEducationalProgramTests","DeleteProgramWithNonExistedProgram"
"When request without body, POST /api/v1/auth/login returns 400.","189","When request without body, POST /api/v1/auth/login returns 400","Controller tests","Wed Nov 26 08:41:02 UTC 2025","passed","Wed Nov 26 08:41:02 UTC 2025","POST /api/v1/auth/login","Auth API Controller Tests","education.kub.backend.ce.domain.auth.controller.AuthControllerTests$LoginTests","LoginWithoutBody"
"When request body with empty field, PUT /api/v1/rooms/{id} returns 422.","180","When request body with empty field, PUT /api/v1/rooms/{id} returns 422 [2] request_field=description","Controller tests","Wed Nov 26 08:40:53 UTC 2025","failed","Wed Nov 26 08:40:53 UTC 2025","PUT /api/v1/rooms/{id}","Room API Controller Tests","education.kub.backend.ce.domain.room.controller.RoomControllerTests$RoomsTests$RoomTests$UpdateRoomTests","UpdateRoomWithEmptyLocationField"
"When request is valid, DELETE /api/v1/users/{id}/roles/{role-id} returns 200.","179","When request is valid, DELETE /api/v1/users/{id}/roles/{role-id} returns 200 [3] user_creator_role=ORGANIZER","Controller tests","Wed Nov 26 08:41:10 UTC 2025","passed","Wed Nov 26 08:41:10 UTC 2025","DELETE /api/v1/users/{id}/roles/{role-id}","User API Controller Tests","education.kub.backend.ce.domain.user.controller.UserControllerTests$UsersTests$UserTests$UserRoleTests$RemoveRoleTests","RemoveRoleSuccessWithAllowedRole"
"When valid request with missing roles, PUT /api/v1/programs/{id} returns 401.","194","When valid request with missing roles, PUT /api/v1/programs/{id} returns 401 [5] user_creator_role=SYSADMIN","Controller tests","Wed Nov 26 08:40:41 UTC 2025","failed","Wed Nov 26 08:40:41 UTC 2025","PUT /api/v1/programs/{id}","Educational Program API Controller Tests","education.kub.backend.ce.domain.educational_program.controller.EducationalProgramControllerTests$EducationalProgramsTests$EducationalProgramTests$UpdateEducationalProgramTests","UpdateProgramWithNotAllowedRole"
"When request without access token header, POST /api/v1/account/change-password returns 401.","88","When request without access token header, POST /api/v1/account/change-password returns 401","Controller tests","Wed Nov 26 08:41:03 UTC 2025","failed","Wed Nov 26 08:41:03 UTC 2025","POST /api/v1/account/change-password","Account API Controller Tests","education.kub.backend.ce.domain.user.controller.AccountControllerTests$ChangePasswordTests","ChangePasswordWithoutToken"
"When request is valid, PUT /api/v1/users/{id} returns 200 and valid response.","242","When request is valid, PUT /api/v1/users/{id} returns 200 and valid response [3] user_creator_role=ORGANIZER","Controller tests","Wed Nov 26 08:41:19 UTC 2025","passed","Wed Nov 26 08:41:19 UTC 2025","PUT /api/v1/users/{id}","User API Controller Tests","education.kub.backend.ce.domain.user.controller.UserControllerTests$UsersTests$UserTests$UpdateUserTests","UpdateUserSuccessWithAllowedRoles"
"When request with invalid access token, POST /api/v1/auth/logout returns 401.","82","When request with invalid access token, POST /api/v1/auth/logout returns 401","Controller tests","Wed Nov 26 08:41:01 UTC 2025","passed","Wed Nov 26 08:41:01 UTC 2025","POST /api/v1/auth/logout","Auth API Controller Tests","education.kub.backend.ce.domain.auth.controller.AuthControllerTests$LogoutTests","LogoutWithInvalidToken"
"When valid request with missing roles, PUT /api/v1/users/{id}/roles/{role-id} returns 401.","172","When valid request with missing roles, PUT /api/v1/users/{id}/roles/{role-id} returns 401 [3] user_creator_role=LECTURER","Controller tests","Wed Nov 26 08:41:12 UTC 2025","failed","Wed Nov 26 08:41:12 UTC 2025","PUT /api/v1/users/{id}/roles/{role-id}","User API Controller Tests","education.kub.backend.ce.domain.user.controller.UserControllerTests$UsersTests$UserTests$UserRoleTests$AddRoleTests","AddRoleWithNotAllowedRole"
"When valid request with missing roles, PUT /api/v1/rooms/{id} returns 401.","187","When valid request with missing roles, PUT /api/v1/rooms/{id} returns 401 [5] user_creator_role=SYSADMIN","Controller tests","Wed Nov 26 08:40:51 UTC 2025","failed","Wed Nov 26 08:40:51 UTC 2025","PUT /api/v1/rooms/{id}","Room API Controller Tests","education.kub.backend.ce.domain.room.controller.RoomControllerTests$RoomsTests$RoomTests$UpdateRoomTests","UpdateRoomWithNotAllowedRole"
"When valid request with missing roles, PUT /api/v1/users/{id}/roles/{role-id} returns 401.","180","When valid request with missing roles, PUT /api/v1/users/{id}/roles/{role-id} returns 401 [2] user_creator_role=STUDENT","Controller tests","Wed Nov 26 08:41:12 UTC 2025","failed","Wed Nov 26 08:41:12 UTC 2025","PUT /api/v1/users/{id}/roles/{role-id}","User API Controller Tests","education.kub.backend.ce.domain.user.controller.UserControllerTests$UsersTests$UserTests$UserRoleTests$AddRoleTests","AddRoleWithNotAllowedRole"
"When request with invalid role id url parameter, DELETE /api/v1/users/{id}/roles/{role-id} returns 400.","170","When request with invalid role id url parameter, DELETE /api/v1/users/{id}/roles/{role-id} returns 400","Controller tests","Wed Nov 26 08:41:09 UTC 2025","passed","Wed Nov 26 08:41:09 UTC 2025","DELETE /api/v1/users/{id}/roles/{role-id}","User API Controller Tests","education.kub.backend.ce.domain.user.controller.UserControllerTests$UsersTests$UserTests$UserRoleTests$RemoveRoleTests","RemoveRoleWithInvalidRoleIdUrlParameter"
"When request body with empty field, POST /api/v1/users returns 422.","240","When request body with empty field, POST /api/v1/users returns 422 [4] request_field=email","Controller tests","Wed Nov 26 08:41:27 UTC 2025","failed","Wed Nov 26 08:41:27 UTC 2025","POST /api/v1/users","User API Controller Tests","education.kub.backend.ce.domain.user.controller.UserControllerTests$UsersTests$CreateUserTests","CreateUserWithEmptyRequestField"
"When request body with invalid specialty_id field, PUT /api/v1/programs/{id} returns 400.","183","When request body with invalid specialty_id field, PUT /api/v1/programs/{id} returns 400 [1] request_field=specialty_id","Controller tests","Wed Nov 26 08:40:43 UTC 2025","passed","Wed Nov 26 08:40:43 UTC 2025","PUT /api/v1/programs/{id}","Educational Program API Controller Tests","education.kub.backend.ce.domain.educational_program.controller.EducationalProgramControllerTests$EducationalProgramsTests$EducationalProgramTests$UpdateEducationalProgramTests","UpdateProgramWithInvalidRequestBodyNumericField"
"When request body with zero capacity field value, PUT /api/v1/rooms/{id} returns 422.","179","When request body with zero capacity field value, PUT /api/v1/rooms/{id} returns 422","Controller tests","Wed Nov 26 08:40:51 UTC 2025","failed","Wed Nov 26 08:40:51 UTC 2025","PUT /api/v1/rooms/{id}","Room API Controller Tests","education.kub.backend.ce.domain.room.controller.RoomControllerTests$RoomsTests$RoomTests$UpdateRoomTests","UpdateRoomWithZeroCapacityFieldValue"
"When valid request with missing roles, DELETE /api/v1/educational-programs/{id} returns 401.","214","When valid request with missing roles, DELETE /api/v1/educational-programs/{id} returns 401 [4] user_creator_role=ORGANIZER","Controller tests","Wed Nov 26 08:40:37 UTC 2025","failed","Wed Nov 26 08:40:37 UTC 2025","DELETE /api/v1/educational-programs/{id}","Educational Program API Controller Tests","education.kub.backend.ce.domain.educational_program.controller.EducationalProgramControllerTests$EducationalProgramsTests$EducationalProgramTests$DeleteEducationalProgramTests","DeleteProgramWithNotAllowedRole"
"When valid request with missing roles, POST /api/v1/users/{id}/resend returns 401.","241","When valid request with missing roles, POST /api/v1/users/{id}/resend returns 401 [3] user_creator_role=LECTURER","Controller tests","Wed Nov 26 08:41:13 UTC 2025","failed","Wed Nov 26 08:41:13 UTC 2025","POST /api/v1/users/{id}/resend","User API Controller Tests","education.kub.backend.ce.domain.user.controller.UserControllerTests$UsersTests$UserTests$ResendPasswordTests","ResendPasswordWithNotAllowedRole"
"When request with invalid id url parameter, PUT /api/v1/users/{id} returns 400.","168","When request with invalid id url parameter, PUT /api/v1/users/{id} returns 400","Controller tests","Wed Nov 26 08:41:17 UTC 2025","passed","Wed Nov 26 08:41:18 UTC 2025","PUT /api/v1/users/{id}","User API Controller Tests","education.kub.backend.ce.domain.user.controller.UserControllerTests$UsersTests$UserTests$UpdateUserTests","UpdateUserWithInvalidIdUrlParameter"
"When request without access token header, POST /api/v1/rooms returns 401.","78","When request without access token header, POST /api/v1/rooms returns 401","Controller tests","Wed Nov 26 08:40:57 UTC 2025","failed","Wed Nov 26 08:40:57 UTC 2025","POST /api/v1/rooms","Room API Controller Tests","education.kub.backend.ce.domain.room.controller.RoomControllerTests$RoomsTests$CreateRoomTests","CreateUserWithoutToken"
"When valid request with missing roles, PUT /api/v1/users/{id} returns 401.","172","When valid request with missing roles, PUT /api/v1/users/{id} returns 401 [2] user_creator_role=STUDENT","Controller tests","Wed Nov 26 08:41:17 UTC 2025","failed","Wed Nov 26 08:41:17 UTC 2025","PUT /api/v1/users/{id}","User API Controller Tests","education.kub.backend.ce.domain.user.controller.UserControllerTests$UsersTests$UserTests$UpdateUserTests","UpdateUserWithNotAllowedRole"
"When request with invalid access token header, GET /api/v1/roles returns 401.","78","When request with invalid access token header, GET /api/v1/roles returns 401","Controller tests","Wed Nov 26 08:41:07 UTC 2025","passed","Wed Nov 26 08:41:08 UTC 2025","GET /api/v1/roles","User API Controller Tests","education.kub.backend.ce.domain.user.controller.UserControllerTests$GetRolesTests","GetRolesWithInvalidToken"
"When request body with zero capacity field value, POST /api/v1/rooms returns 422.","175","When request body with zero capacity field value, POST /api/v1/rooms returns 422","Controller tests","Wed Nov 26 08:40:56 UTC 2025","failed","Wed Nov 26 08:40:56 UTC 2025","POST /api/v1/rooms","Room API Controller Tests","education.kub.backend.ce.domain.room.controller.RoomControllerTests$RoomsTests$CreateRoomTests","CreateRoomWithZeroCapacityFieldValue"
"When request with invalid program id url parameter, PUT /api/v1/programs/{id} returns 400.","220","When request with invalid program id url parameter, PUT /api/v1/programs/{id} returns 400","Controller tests","Wed Nov 26 08:40:41 UTC 2025","passed","Wed Nov 26 08:40:41 UTC 2025","PUT /api/v1/programs/{id}","Educational Program API Controller Tests","education.kub.backend.ce.domain.educational_program.controller.EducationalProgramControllerTests$EducationalProgramsTests$EducationalProgramTests$UpdateEducationalProgramTests","UpdateProgramWithInvalidIdUrlParameter"
"When request with id url parameter for not existing room, DELETE /api/v1/rooms/{id} returns 404.","179","When request with id url parameter for not existing room, DELETE /api/v1/rooms/{id} returns 404","Controller tests","Wed Nov 26 08:40:48 UTC 2025","passed","Wed Nov 26 08:40:49 UTC 2025","DELETE /api/v1/rooms/{id}","Room API Controller Tests","education.kub.backend.ce.domain.room.controller.RoomControllerTests$RoomsTests$RoomTests$DeleteRoomTests","DeleteRoomWithNonExistedRoom"
"When valid request with missing roles, GET /api/v1/users returns 401.","168","When valid request with missing roles, GET /api/v1/users returns 401 [3] user_creator_role=LECTURER","Controller tests","Wed Nov 26 08:41:24 UTC 2025","failed","Wed Nov 26 08:41:24 UTC 2025","GET /api/v1/users","User API Controller Tests","education.kub.backend.ce.domain.user.controller.UserControllerTests$UsersTests$GetUsersTests","GetUsersWithNotAllowedRole"
"When valid request with missing roles, POST /api/v1/users returns 401.","178","When valid request with missing roles, POST /api/v1/users returns 401 [2] user_creator_role=STUDENT","Controller tests","Wed Nov 26 08:41:28 UTC 2025","failed","Wed Nov 26 08:41:28 UTC 2025","POST /api/v1/users","User API Controller Tests","education.kub.backend.ce.domain.user.controller.UserControllerTests$UsersTests$CreateUserTests","CreateUserWithNotAllowedRole"
"When request without body, PUT /api/v1/programs/{id} returns 400.","183","When request without body, PUT /api/v1/programs/{id} returns 400","Controller tests","Wed Nov 26 08:40:44 UTC 2025","failed","Wed Nov 26 08:40:44 UTC 2025","PUT /api/v1/programs/{id}","Educational Program API Controller Tests","education.kub.backend.ce.domain.educational_program.controller.EducationalProgramControllerTests$EducationalProgramsTests$EducationalProgramTests$UpdateEducationalProgramTests","UpdateProgramWithEmptyRequestBody"
"When request with invalid id url parameter, DELETE /api/v1/users/{id} returns 400.","197","When request with invalid id url parameter, DELETE /api/v1/users/{id} returns 400","Controller tests","Wed Nov 26 08:41:15 UTC 2025","passed","Wed Nov 26 08:41:16 UTC 2025","DELETE /api/v1/users/{id}","User API Controller Tests","education.kub.backend.ce.domain.user.controller.UserControllerTests$UsersTests$UserTests$DeleteUserTests","DeleteUserWithInvalidIdUrlParameter"
"When request with invalid access token header, DELETE /api/v1/users/{id} returns 401.","77","When request with invalid access token header, DELETE /api/v1/users/{id} returns 401","Controller tests","Wed Nov 26 08:41:14 UTC 2025","passed","Wed Nov 26 08:41:14 UTC 2025","DELETE /api/v1/users/{id}","User API Controller Tests","education.kub.backend.ce.domain.user.controller.UserControllerTests$UsersTests$UserTests$DeleteUserTests","DeleteUserWithInvalidToken"
"When request with invalid user id url parameter, PUT /api/v1/users/{id}/roles/{role-id} returns 400.","172","When request with invalid user id url parameter, PUT /api/v1/users/{id}/roles/{role-id} returns 400","Controller tests","Wed Nov 26 08:41:11 UTC 2025","passed","Wed Nov 26 08:41:11 UTC 2025","PUT /api/v1/users/{id}/roles/{role-id}","User API Controller Tests","education.kub.backend.ce.domain.user.controller.UserControllerTests$UsersTests$UserTests$UserRoleTests$AddRoleTests","AddRoleWithInvalidUserIdUrlParameter"
"When request without access token header, GET /api/v1/rooms returns 401.","79","When request without access token header, GET /api/v1/rooms returns 401","Controller tests","Wed Nov 26 08:40:54 UTC 2025","failed","Wed Nov 26 08:40:54 UTC 2025","GET /api/v1/rooms","Room API Controller Tests","education.kub.backend.ce.domain.room.controller.RoomControllerTests$RoomsTests$GetRoomsTests","GetRoomsWithoutToken"
"When valid request with missing roles, DELETE /api/v1/rooms/{id} returns 401.","373","When valid request with missing roles, DELETE /api/v1/rooms/{id} returns 401 [1] user_creator_role=USER","Controller tests","Wed Nov 26 08:40:47 UTC 2025","failed","Wed Nov 26 08:40:47 UTC 2025","DELETE /api/v1/rooms/{id}","Room API Controller Tests","education.kub.backend.ce.domain.room.controller.RoomControllerTests$RoomsTests$RoomTests$DeleteRoomTests","DeleteRoomWithNotAllowedRole"
"When request body with invalid capacity field, PUT /api/v1/rooms/{id} returns 400.","177","When request body with invalid capacity field, PUT /api/v1/rooms/{id} returns 400","Controller tests","Wed Nov 26 08:40:52 UTC 2025","failed","Wed Nov 26 08:40:52 UTC 2025","PUT /api/v1/rooms/{id}","Room API Controller Tests","education.kub.backend.ce.domain.room.controller.RoomControllerTests$RoomsTests$RoomTests$UpdateRoomTests","UpdateRoomWithInvalidRequestBodyCapacityField"
"When request body with empty old password, POST /api/v1/account/change-password returns 401.","254","When request body with empty old password, POST /api/v1/account/change-password returns 401","Controller tests","Wed Nov 26 08:41:04 UTC 2025","passed","Wed Nov 26 08:41:05 UTC 2025","POST /api/v1/account/change-password","Account API Controller Tests","education.kub.backend.ce.domain.user.controller.AccountControllerTests$ChangePasswordTests","ChangePasswordWithEmptyOldPassword"
"When request body with negative capacity field value, POST /api/v1/rooms returns 422.","183","When request body with negative capacity field value, POST /api/v1/rooms returns 422","Controller tests","Wed Nov 26 08:40:55 UTC 2025","failed","Wed Nov 26 08:40:55 UTC 2025","POST /api/v1/rooms","Room API Controller Tests","education.kub.backend.ce.domain.room.controller.RoomControllerTests$RoomsTests$CreateRoomTests","CreateRoomWithNegativeCapacityFieldValue"
"When request with empty body, POST /api/v1/account/recovery-password returns 400.","81","When request with empty body, POST /api/v1/account/recovery-password returns 400","Controller tests","Wed Nov 26 08:41:03 UTC 2025","failed","Wed Nov 26 08:41:03 UTC 2025","POST /api/v1/account/recovery-password","Account API Controller Tests","education.kub.backend.ce.domain.user.controller.AccountControllerTests$PasswordRecoveryTests","RecoverPasswordWithEmptyBody"
"When request body with email field length what exceeds max possible length (64), POST /api/v1/users returns 400.","238","When request body with email field length what exceeds max possible length (64), POST /api/v1/users returns 400","Controller tests","Wed Nov 26 08:41:29 UTC 2025","failed","Wed Nov 26 08:41:29 UTC 2025","POST /api/v1/users","User API Controller Tests","education.kub.backend.ce.domain.user.controller.UserControllerTests$UsersTests$CreateUserTests","CreateUserWithTooLongEmailField"
"When request with room id url parameter for not existing room, PUT /api/v1/rooms/{id} returns 404.","180","When request with room id url parameter for not existing room, PUT /api/v1/rooms/{id} returns 404","Controller tests","Wed Nov 26 08:40:50 UTC 2025","passed","Wed Nov 26 08:40:50 UTC 2025","PUT /api/v1/rooms/{id}","Room API Controller Tests","education.kub.backend.ce.domain.room.controller.RoomControllerTests$RoomsTests$RoomTests$UpdateRoomTests","UpdateRoomWithNonExistedRoom"
"When request is valid, POST /api/v1/rooms returns 201 and valid response.","176","When request is valid, POST /api/v1/rooms returns 201 and valid response","Controller tests","Wed Nov 26 08:40:56 UTC 2025","passed","Wed Nov 26 08:40:57 UTC 2025","POST /api/v1/rooms","Room API Controller Tests","education.kub.backend.ce.domain.room.controller.RoomControllerTests$RoomsTests$CreateRoomTests","CreateRoomSuccessWithAllowedRole"
"When valid request with missing roles, GET /api/v1/users returns 401.","168","When valid request with missing roles, GET /api/v1/users returns 401 [1] user_creator_role=USER","Controller tests","Wed Nov 26 08:41:24 UTC 2025","failed","Wed Nov 26 08:41:24 UTC 2025","GET /api/v1/users","User API Controller Tests","education.kub.backend.ce.domain.user.controller.UserControllerTests$UsersTests$GetUsersTests","GetUsersWithNotAllowedRole"
"When request with invalid body, POST /api/v1/auth/login returns 400.","177","When request with invalid body, POST /api/v1/auth/login returns 400","Controller tests","Wed Nov 26 08:41:01 UTC 2025","passed","Wed Nov 26 08:41:01 UTC 2025","POST /api/v1/auth/login","Auth API Controller Tests","education.kub.backend.ce.domain.auth.controller.AuthControllerTests$LoginTests","LoginWithInvalidBody"
"When request is valid, GET /api/v1/roles returns 200 and valid response.","205","When request is valid, GET /api/v1/roles returns 200 and valid response [1] user_creator_role=ADMIN","Controller tests","Wed Nov 26 08:41:07 UTC 2025","passed","Wed Nov 26 08:41:07 UTC 2025","GET /api/v1/roles","User API Controller Tests","education.kub.backend.ce.domain.user.controller.UserControllerTests$GetRolesTests","GetRolesSuccessWithAllowedRole"
"When valid request with missing roles, POST /api/v1/rooms returns 401.","175","When valid request with missing roles, POST /api/v1/rooms returns 401 [1] user_creator_role=USER","Controller tests","Wed Nov 26 08:40:58 UTC 2025","failed","Wed Nov 26 08:40:58 UTC 2025","POST /api/v1/rooms","Room API Controller Tests","education.kub.backend.ce.domain.room.controller.RoomControllerTests$RoomsTests$CreateRoomTests","CreateRoomWithNotAllowedRole"
"When request body with empty field, POST /api/v1/rooms returns 422.","193","When request body with empty field, POST /api/v1/rooms returns 422 [2] request_field=description","Controller tests","Wed Nov 26 08:40:56 UTC 2025","failed","Wed Nov 26 08:40:56 UTC 2025","POST /api/v1/rooms","Room API Controller Tests","education.kub.backend.ce.domain.room.controller.RoomControllerTests$RoomsTests$CreateRoomTests","CreateRoomWithEmptyRequestField"
"When request body without required field, PUT /api/v1/users/{id} returns 400.","245","When request body without required field, PUT /api/v1/users/{id} returns 400 [3] request_field=middle_name","Controller tests","Wed Nov 26 08:41:18 UTC 2025","failed","Wed Nov 26 08:41:18 UTC 2025","PUT /api/v1/users/{id}","User API Controller Tests","education.kub.backend.ce.domain.user.controller.UserControllerTests$UsersTests$UserTests$UpdateUserTests","UpdateUserWithoutRequestField"
"When request with invalid access token header, PUT /api/v1/users/{id} returns returns 401.","78","When request with invalid access token header, PUT /api/v1/users/{id} returns returns 401","Controller tests","Wed Nov 26 08:41:16 UTC 2025","passed","Wed Nov 26 08:41:16 UTC 2025","PUT /api/v1/users/{id}","User API Controller Tests","education.kub.backend.ce.domain.user.controller.UserControllerTests$UsersTests$UserTests$UpdateUserTests","UpdateUserWithInvalidToken"
"When request body without optional field, PUT /api/v1/programs/{id} returns 200.","179","When request body without optional field, PUT /api/v1/programs/{id} returns 200 [4] request_field=study_form","Controller tests","Wed Nov 26 08:40:43 UTC 2025","passed","Wed Nov 26 08:40:43 UTC 2025","PUT /api/v1/programs/{id}","Educational Program API Controller Tests","education.kub.backend.ce.domain.educational_program.controller.EducationalProgramControllerTests$EducationalProgramsTests$EducationalProgramTests$UpdateEducationalProgramTests","UpdateProgramSuccessWithoutOptionalRequestField"
"When request body without required field, PUT /api/v1/users/{id} returns 400.","168","When request body without required field, PUT /api/v1/users/{id} returns 400 [4] request_field=email","Controller tests","Wed Nov 26 08:41:18 UTC 2025","failed","Wed Nov 26 08:41:19 UTC 2025","PUT /api/v1/users/{id}","User API Controller Tests","education.kub.backend.ce.domain.user.controller.UserControllerTests$UsersTests$UserTests$UpdateUserTests","UpdateUserWithoutRequestField"
"When valid request with missing roles, DELETE /api/v1/users/{id}/roles/{role-id} returns 401.","176","When valid request with missing roles, DELETE /api/v1/users/{id}/roles/{role-id} returns 401 [3] user_creator_role=LECTURER","Controller tests","Wed Nov 26 08:41:09 UTC 2025","failed","Wed Nov 26 08:41:09 UTC 2025","DELETE /api/v1/users/{id}/roles/{role-id}","User API Controller Tests","education.kub.backend.ce.domain.user.controller.UserControllerTests$UsersTests$UserTests$UserRoleTests$RemoveRoleTests","RemoveRoleWithNotAllowedRole"
"When request is valid, GET /api/v1/roles returns 200 and valid response.","174","When request is valid, GET /api/v1/roles returns 200 and valid response [2] user_creator_role=SYSADMIN","Controller tests","Wed Nov 26 08:41:07 UTC 2025","passed","Wed Nov 26 08:41:07 UTC 2025","GET /api/v1/roles","User API Controller Tests","education.kub.backend.ce.domain.user.controller.UserControllerTests$GetRolesTests","GetRolesSuccessWithAllowedRole"
"When request without access token header, GET /api/v1/account/me returns 401.","87","When request without access token header, GET /api/v1/account/me returns 401","Controller tests","Wed Nov 26 08:41:05 UTC 2025","failed","Wed Nov 26 08:41:05 UTC 2025","GET /api/v1/account/me","Account API Controller Tests","education.kub.backend.ce.domain.user.controller.AccountControllerTests$AccountMeTests","GetUserAccountInfoWithoutToken"
"When request without access token header, POST /api/v1/users returns 401.","77","When request without access token header, POST /api/v1/users returns 401","Controller tests","Wed Nov 26 08:41:28 UTC 2025","failed","Wed Nov 26 08:41:29 UTC 2025","POST /api/v1/users","User API Controller Tests","education.kub.backend.ce.domain.user.controller.UserControllerTests$UsersTests$CreateUserTests","CreateUserWithoutToken"
"When request body with invalid specialty_id field, PUT /api/v1/programs/{id} returns 400.","179","When request body with invalid specialty_id field, PUT /api/v1/programs/{id} returns 400 [2] request_field=duration","Controller tests","Wed Nov 26 08:40:43 UTC 2025","passed","Wed Nov 26 08:40:44 UTC 2025","PUT /api/v1/programs/{id}","Educational Program API Controller Tests","education.kub.backend.ce.domain.educational_program.controller.EducationalProgramControllerTests$EducationalProgramsTests$EducationalProgramTests$UpdateEducationalProgramTests","UpdateProgramWithInvalidRequestBodyNumericField"
"When valid request with missing roles, GET /api/v1/rooms returns 401.","208","When valid request with missing roles, GET /api/v1/rooms returns 401 [1] user_creator_role=USER","Controller tests","Wed Nov 26 08:40:54 UTC 2025","failed","Wed Nov 26 08:40:54 UTC 2025","GET /api/v1/rooms","Room API Controller Tests","education.kub.backend.ce.domain.room.controller.RoomControllerTests$RoomsTests$GetRoomsTests","GetRoomsWithNotAllowedRole"
"When request is valid, DELETE /api/v1/users/{id}/roles/{role-id} returns 200.","177","When request is valid, DELETE /api/v1/users/{id}/roles/{role-id} returns 200 [1] user_creator_role=ADMIN","Controller tests","Wed Nov 26 08:41:09 UTC 2025","passed","Wed Nov 26 08:41:10 UTC 2025","DELETE /api/v1/users/{id}/roles/{role-id}","User API Controller Tests","education.kub.backend.ce.domain.user.controller.UserControllerTests$UsersTests$UserTests$UserRoleTests$RemoveRoleTests","RemoveRoleSuccessWithAllowedRole"
"When request body with empty field, PUT /api/v1/rooms/{id} returns 422.","177","When request body with empty field, PUT /api/v1/rooms/{id} returns 422 [1] request_field=location","Controller tests","Wed Nov 26 08:40:53 UTC 2025","failed","Wed Nov 26 08:40:53 UTC 2025","PUT /api/v1/rooms/{id}","Room API Controller Tests","education.kub.backend.ce.domain.room.controller.RoomControllerTests$RoomsTests$RoomTests$UpdateRoomTests","UpdateRoomWithEmptyLocationField"
"When request without body, POST /api/v1/auth/refresh returns 400.","193","When request without body, POST /api/v1/auth/refresh returns 400","Controller tests","Wed Nov 26 08:41:00 UTC 2025","passed","Wed Nov 26 08:41:00 UTC 2025","POST /api/v1/auth/refresh","Auth API Controller Tests","education.kub.backend.ce.domain.auth.controller.AuthControllerTests$RefreshTests","RefreshWithoutBody"
"When valid request with missing roles, DELETE /api/v1/users/{id} returns 401.","173","When valid request with missing roles, DELETE /api/v1/users/{id} returns 401 [3] user_creator_role=LECTURER","Controller tests","Wed Nov 26 08:41:15 UTC 2025","failed","Wed Nov 26 08:41:15 UTC 2025","DELETE /api/v1/users/{id}","User API Controller Tests","education.kub.backend.ce.domain.user.controller.UserControllerTests$UsersTests$UserTests$DeleteUserTests","DeleteUserWithNotAllowedRole"
"When valid request with missing roles, PUT /api/v1/programs/{id} returns 401.","204","When valid request with missing roles, PUT /api/v1/programs/{id} returns 401 [2] user_creator_role=STUDENT","Controller tests","Wed Nov 26 08:40:40 UTC 2025","failed","Wed Nov 26 08:40:40 UTC 2025","PUT /api/v1/programs/{id}","Educational Program API Controller Tests","education.kub.backend.ce.domain.educational_program.controller.EducationalProgramControllerTests$EducationalProgramsTests$EducationalProgramTests$UpdateEducationalProgramTests","UpdateProgramWithNotAllowedRole"
"When valid request with missing roles, GET /api/v1/rooms returns 401.","187","When valid request with missing roles, GET /api/v1/rooms returns 401 [2] user_creator_role=STUDENT","Controller tests","Wed Nov 26 08:40:54 UTC 2025","failed","Wed Nov 26 08:40:54 UTC 2025","GET /api/v1/rooms","Room API Controller Tests","education.kub.backend.ce.domain.room.controller.RoomControllerTests$RoomsTests$GetRoomsTests","GetRoomsWithNotAllowedRole"
"When valid request body with unnecessary field, PUT /api/v1/users/{id} returns 400.","288","When valid request body with unnecessary field, PUT /api/v1/users/{id} returns 400","Controller tests","Wed Nov 26 08:41:16 UTC 2025","failed","Wed Nov 26 08:41:16 UTC 2025","PUT /api/v1/users/{id}","User API Controller Tests","education.kub.backend.ce.domain.user.controller.UserControllerTests$UsersTests$UserTests$UpdateUserTests","UpdateUserWithAdditionalRequestField"
"When valid request body with unnecessary field, PUT /api/v1/programs/{id} returns 400.","224","When valid request body with unnecessary field, PUT /api/v1/programs/{id} returns 400","Controller tests","Wed Nov 26 08:40:42 UTC 2025","failed","Wed Nov 26 08:40:42 UTC 2025","PUT /api/v1/programs/{id}","Educational Program API Controller Tests","education.kub.backend.ce.domain.educational_program.controller.EducationalProgramControllerTests$EducationalProgramsTests$EducationalProgramTests$UpdateEducationalProgramTests","UpdateProgramWithAdditionalRequestField"
"When valid request with role id url parameter equal to another existing user role, PUT /api/v1/users/{id} returns 409.","167","When valid request with role id url parameter equal to another existing user role, PUT /api/v1/users/{id} returns 409","Controller tests","Wed Nov 26 08:41:12 UTC 2025","failed","Wed Nov 26 08:41:12 UTC 2025","PUT /api/v1/users/{id}/roles/{role-id}","User API Controller Tests","education.kub.backend.ce.domain.user.controller.UserControllerTests$UsersTests$UserTests$UserRoleTests$AddRoleTests","AddRoleWithRoleDublicate"
"When valid request body with unnecessary field, PUT /api/v1/rooms/{id} returns 400.","188","When valid request body with unnecessary field, PUT /api/v1/rooms/{id} returns 400","Controller tests","Wed Nov 26 08:40:52 UTC 2025","failed","Wed Nov 26 08:40:52 UTC 2025","PUT /api/v1/rooms/{id}","Room API Controller Tests","education.kub.backend.ce.domain.room.controller.RoomControllerTests$RoomsTests$RoomTests$UpdateRoomTests","UpdateRoomWithAdditionalRequestField"
"When request without access token header, GET /api/v1/rooms/{id} returns 401.","80","When request without access token header, GET /api/v1/rooms/{id} returns 401","Controller tests","Wed Nov 26 08:40:54 UTC 2025","failed","Wed Nov 26 08:40:54 UTC 2025","GET /api/v1/rooms/{id}","Room API Controller Tests","education.kub.backend.ce.domain.room.controller.RoomControllerTests$RoomsTests$RoomTests$GetRoomTests","GetRoomWithoutToken"
"When valid request with missing roles, PUT /api/v1/users/{id} returns 401.","169","When valid request with missing roles, PUT /api/v1/users/{id} returns 401 [3] user_creator_role=LECTURER","Controller tests","Wed Nov 26 08:41:17 UTC 2025","failed","Wed Nov 26 08:41:17 UTC 2025","PUT /api/v1/users/{id}","User API Controller Tests","education.kub.backend.ce.domain.user.controller.UserControllerTests$UsersTests$UserTests$UpdateUserTests","UpdateUserWithNotAllowedRole"
"When request is valid, PUT /api/v1/users/{id}/roles/{role-id} returns 200 and valid response.","172","When request is valid, PUT /api/v1/users/{id}/roles/{role-id} returns 200 and valid response [1] user_creator_role=ADMIN","Controller tests","Wed Nov 26 08:41:10 UTC 2025","passed","Wed Nov 26 08:41:10 UTC 2025","PUT /api/v1/users/{id}/roles/{role-id}","User API Controller Tests","education.kub.backend.ce.domain.user.controller.UserControllerTests$UsersTests$UserTests$UserRoleTests$AddRoleTests","AddRoleSuccessWithAllowedRole"
"When request without access token header, GET /api/v1/users/{id} returns 401.","79","When request without access token header, GET /api/v1/users/{id} returns 401","Controller tests","Wed Nov 26 08:41:23 UTC 2025","failed","Wed Nov 26 08:41:23 UTC 2025","GET /api/v1/users/{id}","User API Controller Tests","education.kub.backend.ce.domain.user.controller.UserControllerTests$UsersTests$UserTests$GetUserTests","GetUserWithoutToken"
"When request is valid, POST /api/v1/users returns 201 and valid response.","239","When request is valid, POST /api/v1/users returns 201 and valid response [2] user_creator_role=SYSADMIN","Controller tests","Wed Nov 26 08:41:29 UTC 2025","passed","Wed Nov 26 08:41:29 UTC 2025","POST /api/v1/users","User API Controller Tests","education.kub.backend.ce.domain.user.controller.UserControllerTests$UsersTests$CreateUserTests","CreateUserSuccessWithAllowedRoles"
"When request without access token header, GET /api/v1/educational-programs/{id} returns 401.","85","When request without access token header, GET /api/v1/educational-programs/{id} returns 401","Controller tests","Wed Nov 26 08:40:44 UTC 2025","failed","Wed Nov 26 08:40:44 UTC 2025","GET /api/v1/educational-programs/{id}","Educational Program API Controller Tests","education.kub.backend.ce.domain.educational_program.controller.EducationalProgramControllerTests$EducationalProgramsTests$EducationalProgramTests$GetEducationalProgramTests","GetProgramWithoutToken"
"When request is valid, PUT /api/v1/programs/{id} returns 201 and valid response.","203","When request is valid, PUT /api/v1/programs/{id} returns 201 and valid response","Controller tests","Wed Nov 26 08:40:39 UTC 2025","passed","Wed Nov 26 08:40:39 UTC 2025","PUT /api/v1/programs/{id}","Educational Program API Controller Tests","education.kub.backend.ce.domain.educational_program.controller.EducationalProgramControllerTests$EducationalProgramsTests$EducationalProgramTests$UpdateEducationalProgramTests","UpdateProgramSuccessWithAllowedRole"
"When request body with empty field, PUT /api/v1/users/{id} returns 422.","241","When request body with empty field, PUT /api/v1/users/{id} returns 422 [4] request_field=email","Controller tests","Wed Nov 26 08:41:21 UTC 2025","failed","Wed Nov 26 08:41:22 UTC 2025","PUT /api/v1/users/{id}","User API Controller Tests","education.kub.backend.ce.domain.user.controller.UserControllerTests$UsersTests$UserTests$UpdateUserTests","UpdateUserWithEmptyRequestField"
"When request body with empty field, PUT /api/v1/programs/{id} returns 422.","196","When request body with empty field, PUT /api/v1/programs/{id} returns 422 [3] request_field=study_form","Controller tests","Wed Nov 26 08:40:42 UTC 2025","failed","Wed Nov 26 08:40:42 UTC 2025","PUT /api/v1/programs/{id}","Educational Program API Controller Tests","education.kub.backend.ce.domain.educational_program.controller.EducationalProgramControllerTests$EducationalProgramsTests$EducationalProgramTests$UpdateEducationalProgramTests","UpdateProgramWithEmptyRequestField"
"When request with id url parameter for not existing user, GET /api/v1/users/{id} returns 404.","79","When request with id url parameter for not existing user, GET /api/v1/users/{id} returns 404","Controller tests","Wed Nov 26 08:41:22 UTC 2025","failed","Wed Nov 26 08:41:22 UTC 2025","GET /api/v1/users/{id}","User API Controller Tests","education.kub.backend.ce.domain.user.controller.UserControllerTests$UsersTests$UserTests$GetUserTests","GetUserWithNonExistedUser"
"When request body with not email field length what exceeds max possible length (32), POST /api/v1/users returns 422.","326","When request body with not email field length what exceeds max possible length (32), POST /api/v1/users returns 422 [4] request_field=email","Controller tests","Wed Nov 26 08:41:20 UTC 2025","failed","Wed Nov 26 08:41:21 UTC 2025","PUT /api/v1/users/{id}","User API Controller Tests","education.kub.backend.ce.domain.user.controller.UserControllerTests$UsersTests$UserTests$UpdateUserTests","UpdateUserWithTooLongNotEmailField"
"When request body without required field, POST /api/v1/users returns 400.","273","When request body without required field, POST /api/v1/users returns 400 [2] request_field=last_name","Controller tests","Wed Nov 26 08:41:27 UTC 2025","failed","Wed Nov 26 08:41:28 UTC 2025","POST /api/v1/users","User API Controller Tests","education.kub.backend.ce.domain.user.controller.UserControllerTests$UsersTests$CreateUserTests","CreateUserWithoutRequestField"
"When request with empty body, POST /api/v1/auth/login returns 400.","184","When request with empty body, POST /api/v1/auth/login returns 400","Controller tests","Wed Nov 26 08:41:02 UTC 2025","failed","Wed Nov 26 08:41:02 UTC 2025","POST /api/v1/auth/login","Auth API Controller Tests","education.kub.backend.ce.domain.auth.controller.AuthControllerTests$LoginTests","LoginWithEmptyBody"
"When request with invalid access token header, DELETE /api/v1/rooms/{id} returns 401.","79","When request with invalid access token header, DELETE /api/v1/rooms/{id} returns 401","Controller tests","Wed Nov 26 08:40:48 UTC 2025","passed","Wed Nov 26 08:40:48 UTC 2025","DELETE /api/v1/rooms/{id}","Room API Controller Tests","education.kub.backend.ce.domain.room.controller.RoomControllerTests$RoomsTests$RoomTests$DeleteRoomTests","DeleteRoomWithInvalidToken"
"When request is valid, GET /api/v1/users/{id} returns 200 and valid response.","171","When request is valid, GET /api/v1/users/{id} returns 200 and valid response [1] user_creator_role=ADMIN","Controller tests","Wed Nov 26 08:41:22 UTC 2025","passed","Wed Nov 26 08:41:23 UTC 2025","GET /api/v1/users/{id}","User API Controller Tests","education.kub.backend.ce.domain.user.controller.UserControllerTests$UsersTests$UserTests$GetUserTests","GetUserSuccessWithAllowedRoles"
"When request without access token header, PUT /api/v1/rooms/{id} returns 401.","82","When request without access token header, PUT /api/v1/rooms/{id} returns 401","Controller tests","Wed Nov 26 08:40:50 UTC 2025","failed","Wed Nov 26 08:40:50 UTC 2025","PUT /api/v1/rooms/{id}","Room API Controller Tests","education.kub.backend.ce.domain.room.controller.RoomControllerTests$RoomsTests$RoomTests$UpdateRoomTests","UpdateRoomWithoutToken"
"When valid request with missing roles, GET /api/v1/users returns 401.","167","When valid request with missing roles, GET /api/v1/users returns 401 [2] user_creator_role=STUDENT","Controller tests","Wed Nov 26 08:41:24 UTC 2025","failed","Wed Nov 26 08:41:24 UTC 2025","GET /api/v1/users","User API Controller Tests","education.kub.backend.ce.domain.user.controller.UserControllerTests$UsersTests$GetUsersTests","GetUsersWithNotAllowedRole"
"When request with invalid access token header, POST /api/v1/rooms returns 401.","78","When request with invalid access token header, POST /api/v1/rooms returns 401","Controller tests","Wed Nov 26 08:40:59 UTC 2025","passed","Wed Nov 26 08:40:59 UTC 2025","POST /api/v1/rooms","Room API Controller Tests","education.kub.backend.ce.domain.room.controller.RoomControllerTests$RoomsTests$CreateRoomTests","CreateUserWithInvalidToken"
"When request is valid, PUT /api/v1/users/{id}/roles/{role-id} returns 200 and valid response.","173","When request is valid, PUT /api/v1/users/{id}/roles/{role-id} returns 200 and valid response [3] user_creator_role=ORGANIZER","Controller tests","Wed Nov 26 08:41:10 UTC 2025","passed","Wed Nov 26 08:41:11 UTC 2025","PUT /api/v1/users/{id}/roles/{role-id}","User API Controller Tests","education.kub.backend.ce.domain.user.controller.UserControllerTests$UsersTests$UserTests$UserRoleTests$AddRoleTests","AddRoleSuccessWithAllowedRole"
"When request with invalid access token header, PUT /api/v1/users/{id}/roles/{role-id} returns 401.","78","When request with invalid access token header, PUT /api/v1/users/{id}/roles/{role-id} returns 401","Controller tests","Wed Nov 26 08:41:11 UTC 2025","passed","Wed Nov 26 08:41:11 UTC 2025","PUT /api/v1/users/{id}/roles/{role-id}","User API Controller Tests","education.kub.backend.ce.domain.user.controller.UserControllerTests$UsersTests$UserTests$UserRoleTests$AddRoleTests","AddRoleWithInvalidToken"
"When request body with duration field value what exceeds max possible value (32767), PUT /api/v1/programs/{id} returns 400.","196","When request body with duration field value what exceeds max possible value (32767), PUT /api/v1/programs/{id} returns 400","Controller tests","Wed Nov 26 08:40:39 UTC 2025","passed","Wed Nov 26 08:40:39 UTC 2025","PUT /api/v1/programs/{id}","Educational Program API Controller Tests","education.kub.backend.ce.domain.educational_program.controller.EducationalProgramControllerTests$EducationalProgramsTests$EducationalProgramTests$UpdateEducationalProgramTests","UpdateProgramWithTooBigDurationFieldValue"
"When valid request with missing roles, DELETE /api/v1/educational-programs/{id} returns 401.","220","When valid request with missing roles, DELETE /api/v1/educational-programs/{id} returns 401 [2] user_creator_role=STUDENT","Controller tests","Wed Nov 26 08:40:37 UTC 2025","failed","Wed Nov 26 08:40:37 UTC 2025","DELETE /api/v1/educational-programs/{id}","Educational Program API Controller Tests","education.kub.backend.ce.domain.educational_program.controller.EducationalProgramControllerTests$EducationalProgramsTests$EducationalProgramTests$DeleteEducationalProgramTests","DeleteProgramWithNotAllowedRole"
"When request without access token header, PUT /api/v1/users/{id}/roles/{role-id} returns 401.","78","When request without access token header, PUT /api/v1/users/{id}/roles/{role-id} returns 401","Controller tests","Wed Nov 26 08:41:10 UTC 2025","failed","Wed Nov 26 08:41:10 UTC 2025","PUT /api/v1/users/{id}/roles/{role-id}","User API Controller Tests","education.kub.backend.ce.domain.user.controller.UserControllerTests$UsersTests$UserTests$UserRoleTests$AddRoleTests","AddRoleWithoutToken"
"When request with invalid access token header, DELETE /api/v1/educational-programs/{id} returns 401.","90","When request with invalid access token header, DELETE /api/v1/educational-programs/{id} returns 401","Controller tests","Wed Nov 26 08:40:38 UTC 2025","passed","Wed Nov 26 08:40:38 UTC 2025","DELETE /api/v1/educational-programs/{id}","Educational Program API Controller Tests","education.kub.backend.ce.domain.educational_program.controller.EducationalProgramControllerTests$EducationalProgramsTests$EducationalProgramTests$DeleteEducationalProgramTests","DeleteProgramWithInvalidToken"
"When request body with empty new password, POST /api/v1/account/change-password returns 422.","316","When request body with empty new password, POST /api/v1/account/change-password returns 422","Controller tests","Wed Nov 26 08:41:04 UTC 2025","failed","Wed Nov 26 08:41:04 UTC 2025","POST /api/v1/account/change-password","Account API Controller Tests","education.kub.backend.ce.domain.user.controller.AccountControllerTests$ChangePasswordTests","ChangePasswordWithEmptyNewPassword"
"When valid request with email field equal to another existing user, POST /api/v1/users returns 409.","166","When valid request with email field equal to another existing user, POST /api/v1/users returns 409","Controller tests","Wed Nov 26 08:41:24 UTC 2025","passed","Wed Nov 26 08:41:24 UTC 2025","POST /api/v1/users","User API Controller Tests","education.kub.backend.ce.domain.user.controller.UserControllerTests$UsersTests$CreateUserTests","CreateUserWithSameEmail"
"When request with invalid access token header, GET /api/v1/users/{id} returns 401.","77","When request with invalid access token header, GET /api/v1/users/{id} returns 401","Controller tests","Wed Nov 26 08:41:22 UTC 2025","passed","Wed Nov 26 08:41:22 UTC 2025","GET /api/v1/users/{id}","User API Controller Tests","education.kub.backend.ce.domain.user.controller.UserControllerTests$UsersTests$UserTests$GetUserTests","GetUserWithInvalidToken"
"When valid request with location field equal to another existing room, POST /api/v1/rooms returns 409.","194","When valid request with location field equal to another existing room, POST /api/v1/rooms returns 409","Controller tests","Wed Nov 26 08:40:57 UTC 2025","passed","Wed Nov 26 08:40:57 UTC 2025","POST /api/v1/rooms","Room API Controller Tests","education.kub.backend.ce.domain.room.controller.RoomControllerTests$RoomsTests$CreateRoomTests","CreateUserWithSameLocation"
"When request is valid, GET /api/v1/rooms returns 200 and valid response.","192","When request is valid, GET /api/v1/rooms returns 200 and valid response","Controller tests","Wed Nov 26 08:40:54 UTC 2025","passed","Wed Nov 26 08:40:54 UTC 2025","GET /api/v1/rooms","Room API Controller Tests","education.kub.backend.ce.domain.room.controller.RoomControllerTests$RoomsTests$GetRoomsTests","GetRoomsSuccessWithAllowedRole"
"When valid request with missing roles, DELETE /api/v1/rooms/{id} returns 401.","188","When valid request with missing roles, DELETE /api/v1/rooms/{id} returns 401 [4] user_creator_role=ORGANIZER","Controller tests","Wed Nov 26 08:40:47 UTC 2025","failed","Wed Nov 26 08:40:48 UTC 2025","DELETE /api/v1/rooms/{id}","Room API Controller Tests","education.kub.backend.ce.domain.room.controller.RoomControllerTests$RoomsTests$RoomTests$DeleteRoomTests","DeleteRoomWithNotAllowedRole"
"When request with invalid access token header, POST /api/v1/account/change-password returns 401.","80","When request with invalid access token header, POST /api/v1/account/change-password returns 401","Controller tests","Wed Nov 26 08:41:05 UTC 2025","passed","Wed Nov 26 08:41:05 UTC 2025","POST /api/v1/account/change-password","Account API Controller Tests","education.kub.backend.ce.domain.user.controller.AccountControllerTests$ChangePasswordTests","ChangePasswordWithInvalidToken"
"When valid request with missing roles, POST /api/v1/rooms returns 401.","174","When valid request with missing roles, POST /api/v1/rooms returns 401 [2] user_creator_role=STUDENT","Controller tests","Wed Nov 26 08:40:58 UTC 2025","failed","Wed Nov 26 08:40:58 UTC 2025","POST /api/v1/rooms","Room API Controller Tests","education.kub.backend.ce.domain.room.controller.RoomControllerTests$RoomsTests$CreateRoomTests","CreateRoomWithNotAllowedRole"
"When request with invalid id url parameter, GET /api/v1/educational-programs/{id} returns 400.","202","When request with invalid id url parameter, GET /api/v1/educational-programs/{id} returns 400","Controller tests","Wed Nov 26 08:40:44 UTC 2025","passed","Wed Nov 26 08:40:44 UTC 2025","GET /api/v1/educational-programs/{id}","Educational Program API Controller Tests","education.kub.backend.ce.domain.educational_program.controller.EducationalProgramControllerTests$EducationalProgramsTests$EducationalProgramTests$GetEducationalProgramTests","GetProgramWithInvalidIdUrlParameter"
"When request body with not email field length what exceeds max possible length (32), POST /api/v1/users returns 400.","239","When request body with not email field length what exceeds max possible length (32), POST /api/v1/users returns 400 [3] request_field=middle_name","Controller tests","Wed Nov 26 08:41:25 UTC 2025","failed","Wed Nov 26 08:41:25 UTC 2025","POST /api/v1/users","User API Controller Tests","education.kub.backend.ce.domain.user.controller.UserControllerTests$UsersTests$CreateUserTests","CreateUserWithTooLongNotEmailField"
"When request body with invalid email, POST /api/v1/account/recovery-password returns 422.","82","When request body with invalid email, POST /api/v1/account/recovery-password returns 422","Controller tests","Wed Nov 26 08:41:03 UTC 2025","failed","Wed Nov 26 08:41:03 UTC 2025","POST /api/v1/account/recovery-password","Account API Controller Tests","education.kub.backend.ce.domain.user.controller.AccountControllerTests$PasswordRecoveryTests","RecoverPasswordWithInvalidEmail"
"When request with empty refresh token header, POST /api/v1/auth/refresh returns 401.","90","When request with empty refresh token header, POST /api/v1/auth/refresh returns 401","Controller tests","Wed Nov 26 08:41:01 UTC 2025","failed","Wed Nov 26 08:41:01 UTC 2025","POST /api/v1/auth/refresh","Auth API Controller Tests","education.kub.backend.ce.domain.auth.controller.AuthControllerTests$RefreshTests","RefreshWithEmptyRefreshToken"
"When request without body, POST /api/v1/users returns 400.","240","When request without body, POST /api/v1/users returns 400","Controller tests","Wed Nov 26 08:41:24 UTC 2025","failed","Wed Nov 26 08:41:25 UTC 2025","POST /api/v1/users","User API Controller Tests","education.kub.backend.ce.domain.user.controller.UserControllerTests$UsersTests$CreateUserTests","CreateUserWithEmptyRequest"
"When valid request with missing roles, POST /api/v1/rooms returns 401.","172","When valid request with missing roles, POST /api/v1/rooms returns 401 [4] user_creator_role=ORGANIZER","Controller tests","Wed Nov 26 08:40:58 UTC 2025","failed","Wed Nov 26 08:40:58 UTC 2025","POST /api/v1/rooms","Room API Controller Tests","education.kub.backend.ce.domain.room.controller.RoomControllerTests$RoomsTests$CreateRoomTests","CreateRoomWithNotAllowedRole"
"When request with role url parameter for not existing user, DELETE /api/v1/users/{id}/roles/{role-id} returns 404.","172","When request with role url parameter for not existing user, DELETE /api/v1/users/{id}/roles/{role-id} returns 404","Controller tests","Wed Nov 26 08:41:08 UTC 2025","passed","Wed Nov 26 08:41:08 UTC 2025","DELETE /api/v1/users/{id}/roles/{role-id}","User API Controller Tests","education.kub.backend.ce.domain.user.controller.UserControllerTests$UsersTests$UserTests$UserRoleTests$RemoveRoleTests","RemoveRoleWithNonExistedRole"
"When request with room id url parameter for not existing room, GET /api/v1/rooms/{id} returns 404.","175","When request with room id url parameter for not existing room, GET /api/v1/rooms/{id} returns 404","Controller tests","Wed Nov 26 08:40:53 UTC 2025","failed","Wed Nov 26 08:40:54 UTC 2025","GET /api/v1/rooms/{id}","Room API Controller Tests","education.kub.backend.ce.domain.room.controller.RoomControllerTests$RoomsTests$RoomTests$GetRoomTests","GetRoomWithNonExistedRoom"
"When request with invalid access token header, PUT /api/v1/programs/{id} returns 401.","86","When request with invalid access token header, PUT /api/v1/programs/{id} returns 401","Controller tests","Wed Nov 26 08:40:38 UTC 2025","passed","Wed Nov 26 08:40:39 UTC 2025","PUT /api/v1/programs/{id}","Educational Program API Controller Tests","education.kub.backend.ce.domain.educational_program.controller.EducationalProgramControllerTests$EducationalProgramsTests$EducationalProgramTests$UpdateEducationalProgramTests","UpdateProgramWithInvalidToken"
"When request with id url parameter for not existing user, DELETE /api/v1/users/{id} returns 404.","169","When request with id url parameter for not existing user, DELETE /api/v1/users/{id} returns 404","Controller tests","Wed Nov 26 08:41:15 UTC 2025","passed","Wed Nov 26 08:41:15 UTC 2025","DELETE /api/v1/users/{id}","User API Controller Tests","education.kub.backend.ce.domain.user.controller.UserControllerTests$UsersTests$UserTests$DeleteUserTests","DeleteUserWithNonExistedUser"
"When request with invalid access token header, GET /api/v1/rooms/{id} returns 401.","79","When request with invalid access token header, GET /api/v1/rooms/{id} returns 401","Controller tests","Wed Nov 26 08:40:54 UTC 2025","passed","Wed Nov 26 08:40:54 UTC 2025","GET /api/v1/rooms/{id}","Room API Controller Tests","education.kub.backend.ce.domain.room.controller.RoomControllerTests$RoomsTests$RoomTests$GetRoomTests","GetRoomWithInvalidToken"
"When request body with empty field, POST /api/v1/users returns 422.","244","When request body with empty field, POST /api/v1/users returns 422 [3] request_field=middle_name","Controller tests","Wed Nov 26 08:41:27 UTC 2025","failed","Wed Nov 26 08:41:27 UTC 2025","POST /api/v1/users","User API Controller Tests","education.kub.backend.ce.domain.user.controller.UserControllerTests$UsersTests$CreateUserTests","CreateUserWithEmptyRequestField"
"When request with empty body, POST /api/v1/account/change-password returns 400.","179","When request with empty body, POST /api/v1/account/change-password returns 400","Controller tests","Wed Nov 26 08:41:03 UTC 2025","failed","Wed Nov 26 08:41:04 UTC 2025","POST /api/v1/account/change-password","Account API Controller Tests","education.kub.backend.ce.domain.user.controller.AccountControllerTests$ChangePasswordTests","ChangePasswordWithEmptyBody"
"When valid request with missing roles, DELETE /api/v1/users/{id} returns 401.","170","When valid request with missing roles, DELETE /api/v1/users/{id} returns 401 [2] user_creator_role=STUDENT","Controller tests","Wed Nov 26 08:41:15 UTC 2025","failed","Wed Nov 26 08:41:15 UTC 2025","DELETE /api/v1/users/{id}","User API Controller Tests","education.kub.backend.ce.domain.user.controller.UserControllerTests$UsersTests$UserTests$DeleteUserTests","DeleteUserWithNotAllowedRole"
"When request body with empty field, POST /api/v1/rooms returns 422.","174","When request body with empty field, POST /api/v1/rooms returns 422 [1] request_field=location","Controller tests","Wed Nov 26 08:40:56 UTC 2025","failed","Wed Nov 26 08:40:56 UTC 2025","POST /api/v1/rooms","Room API Controller Tests","education.kub.backend.ce.domain.room.controller.RoomControllerTests$RoomsTests$CreateRoomTests","CreateRoomWithEmptyRequestField"
"When request body with negative specialty_id field value, PUT /api/v1/programs/{id} returns 422.","187","When request body with negative specialty_id field value, PUT /api/v1/programs/{id} returns 422","Controller tests","Wed Nov 26 08:40:39 UTC 2025","failed","Wed Nov 26 08:40:40 UTC 2025","PUT /api/v1/programs/{id}","Educational Program API Controller Tests","education.kub.backend.ce.domain.educational_program.controller.EducationalProgramControllerTests$EducationalProgramsTests$EducationalProgramTests$UpdateEducationalProgramTests","CreateProgramWithNegativeSpecialtyIdFieldValue"
"When request without body, POST /api/v1/rooms returns 400.","182","When request without body, POST /api/v1/rooms returns 400","Controller tests","Wed Nov 26 08:40:56 UTC 2025","failed","Wed Nov 26 08:40:56 UTC 2025","POST /api/v1/rooms","Room API Controller Tests","education.kub.backend.ce.domain.room.controller.RoomControllerTests$RoomsTests$CreateRoomTests","CreateRoomWithEmptyRequestBody"
"When request body with not email field length what exceeds max possible length (32), POST /api/v1/users returns 400.","239","When request body with not email field length what exceeds max possible length (32), POST /api/v1/users returns 400 [2] request_field=last_name","Controller tests","Wed Nov 26 08:41:25 UTC 2025","failed","Wed Nov 26 08:41:25 UTC 2025","POST /api/v1/users","User API Controller Tests","education.kub.backend.ce.domain.user.controller.UserControllerTests$UsersTests$CreateUserTests","CreateUserWithTooLongNotEmailField"
"When request is valid, GET /api/v1/rooms/{id} returns 200 and valid response.","177","When request is valid, GET /api/v1/rooms/{id} returns 200 and valid response","Controller tests","Wed Nov 26 08:40:53 UTC 2025","failed","Wed Nov 26 08:40:53 UTC 2025","GET /api/v1/rooms/{id}","Room API Controller Tests","education.kub.backend.ce.domain.room.controller.RoomControllerTests$RoomsTests$RoomTests$GetRoomTests","GetRoomSuccessWithAllowedRole"
"When request body without optional field, PUT /api/v1/rooms/{id} returns 200.","180","When request body without optional field, PUT /api/v1/rooms/{id} returns 200 [2] request_field=capacity","Controller tests","Wed Nov 26 08:40:52 UTC 2025","passed","Wed Nov 26 08:40:52 UTC 2025","PUT /api/v1/rooms/{id}","Room API Controller Tests","education.kub.backend.ce.domain.room.controller.RoomControllerTests$RoomsTests$RoomTests$UpdateRoomTests","UpdateRoomSuccessWithoutOptionalRequestField"
"When valid request with email field equal to another existing user, PUT /api/v1/users/{id} returns 409.","250","When valid request with email field equal to another existing user, PUT /api/v1/users/{id} returns 409","Controller tests","Wed Nov 26 08:41:16 UTC 2025","passed","Wed Nov 26 08:41:16 UTC 2025","PUT /api/v1/users/{id}","User API Controller Tests","education.kub.backend.ce.domain.user.controller.UserControllerTests$UsersTests$UserTests$UpdateUserTests","UpdateUserWithSameEmail"
"When request without access token header, GET /api/v1/users returns 401.","78","When request without access token header, GET /api/v1/users returns 401","Controller tests","Wed Nov 26 08:41:24 UTC 2025","failed","Wed Nov 26 08:41:24 UTC 2025","GET /api/v1/users","User API Controller Tests","education.kub.backend.ce.domain.user.controller.UserControllerTests$UsersTests$GetUsersTests","GetUsersWithoutToken"
"When valid request with missing roles, GET /api/v1/roles returns 401.","173","When valid request with missing roles, GET /api/v1/roles returns 401 [1] user_creator_role=USER","Controller tests","Wed Nov 26 08:41:08 UTC 2025","failed","Wed Nov 26 08:41:08 UTC 2025","GET /api/v1/roles","User API Controller Tests","education.kub.backend.ce.domain.user.controller.UserControllerTests$GetRolesTests","GetRolesWithNotAllowedRole"
"When valid request with missing roles, POST /api/v1/users returns 401.","180","When valid request with missing roles, POST /api/v1/users returns 401 [1] user_creator_role=USER","Controller tests","Wed Nov 26 08:41:28 UTC 2025","failed","Wed Nov 26 08:41:28 UTC 2025","POST /api/v1/users","User API Controller Tests","education.kub.backend.ce.domain.user.controller.UserControllerTests$UsersTests$CreateUserTests","CreateUserWithNotAllowedRole"
"When valid request body without description field, PUT /api/v1/rooms/{id} returns 201 and valid response.","297","When valid request body without description field, PUT /api/v1/rooms/{id} returns 201 and valid response","Controller tests","Wed Nov 26 08:40:51 UTC 2025","passed","Wed Nov 26 08:40:52 UTC 2025","PUT /api/v1/rooms/{id}","Room API Controller Tests","education.kub.backend.ce.domain.room.controller.RoomControllerTests$RoomsTests$RoomTests$UpdateRoomTests","UpdateRoomSuccessOnRoomWithoutDescription"
"When request is valid, DELETE /api/v1/users/{id} returns 200.","169","When request is valid, DELETE /api/v1/users/{id} returns 200 [1] user_creator_role=ADMIN","Controller tests","Wed Nov 26 08:41:14 UTC 2025","passed","Wed Nov 26 08:41:14 UTC 2025","DELETE /api/v1/users/{id}","User API Controller Tests","education.kub.backend.ce.domain.user.controller.UserControllerTests$UsersTests$UserTests$DeleteUserTests","DeleteUserSuccessWithAllowedRole"
"When request with invalid access token header, POST /api/v1/auth/login returns 401.","80","When request with invalid access token header , POST /api/v1/auth/login returns 401","Controller tests","Wed Nov 26 08:41:02 UTC 2025","passed","Wed Nov 26 08:41:03 UTC 2025","POST /api/v1/auth/login","Auth API Controller Tests","education.kub.backend.ce.domain.auth.controller.AuthControllerTests$LoginTests","LoginWithInvalidToken"
"When valid request with missing roles, PUT /api/v1/rooms/{id} returns 401.","179","When valid request with missing roles, PUT /api/v1/rooms/{id} returns 401 [2] user_creator_role=STUDENT","Controller tests","Wed Nov 26 08:40:51 UTC 2025","failed","Wed Nov 26 08:40:51 UTC 2025","PUT /api/v1/rooms/{id}","Room API Controller Tests","education.kub.backend.ce.domain.room.controller.RoomControllerTests$RoomsTests$RoomTests$UpdateRoomTests","UpdateRoomWithNotAllowedRole"
"When request body with wrong email, POST /api/v1/auth/login returns 401.","272","When request body with wrong email, POST /api/v1/auth/login returns 401","Controller tests","Wed Nov 26 08:41:02 UTC 2025","passed","Wed Nov 26 08:41:02 UTC 2025","POST /api/v1/auth/login","Auth API Controller Tests","education.kub.backend.ce.domain.auth.controller.AuthControllerTests$LoginTests","LoginWithWrongEmail"
"When valid request with missing roles, PUT /api/v1/programs/{id} returns 401.","196","When valid request with missing roles, PUT /api/v1/programs/{id} returns 401 [3] user_creator_role=LECTURER","Controller tests","Wed Nov 26 08:40:40 UTC 2025","failed","Wed Nov 26 08:40:40 UTC 2025","PUT /api/v1/programs/{id}","Educational Program API Controller Tests","education.kub.backend.ce.domain.educational_program.controller.EducationalProgramControllerTests$EducationalProgramsTests$EducationalProgramTests$UpdateEducationalProgramTests","UpdateProgramWithNotAllowedRole"
"When valid request with missing roles, DELETE /api/v1/educational-programs/{id} returns 401.","212","When valid request with missing roles, DELETE /api/v1/educational-programs/{id} returns 401 [3] user_creator_role=LECTURER","Controller tests","Wed Nov 26 08:40:37 UTC 2025","failed","Wed Nov 26 08:40:37 UTC 2025","DELETE /api/v1/educational-programs/{id}","Educational Program API Controller Tests","education.kub.backend.ce.domain.educational_program.controller.EducationalProgramControllerTests$EducationalProgramsTests$EducationalProgramTests$DeleteEducationalProgramTests","DeleteProgramWithNotAllowedRole"
"When request body with empty field, PUT /api/v1/users/{id} returns 422.","241","When request body with empty field, PUT /api/v1/users/{id} returns 422 [2] request_field=last_name","Controller tests","Wed Nov 26 08:41:21 UTC 2025","failed","Wed Nov 26 08:41:21 UTC 2025","PUT /api/v1/users/{id}","User API Controller Tests","education.kub.backend.ce.domain.user.controller.UserControllerTests$UsersTests$UserTests$UpdateUserTests","UpdateUserWithEmptyRequestField"
"When request body with location field length what exceeds max possible length (256), PUT /api/v1/rooms/{id} returns 422.","183","When request body with location field length what exceeds max possible length (256), PUT /api/v1/rooms/{id} returns 422","Controller tests","Wed Nov 26 08:40:50 UTC 2025","failed","Wed Nov 26 08:40:50 UTC 2025","PUT /api/v1/rooms/{id}","Room API Controller Tests","education.kub.backend.ce.domain.room.controller.RoomControllerTests$RoomsTests$RoomTests$UpdateRoomTests","CreateRoomWithTooLongLocationFieldString"
"When request body without required field, PUT /api/v1/users/{id} returns 400.","246","When request body without required field, PUT /api/v1/users/{id} returns 400 [2] request_field=last_name","Controller tests","Wed Nov 26 08:41:18 UTC 2025","failed","Wed Nov 26 08:41:18 UTC 2025","PUT /api/v1/users/{id}","User API Controller Tests","education.kub.backend.ce.domain.user.controller.UserControllerTests$UsersTests$UserTests$UpdateUserTests","UpdateUserWithoutRequestField"
"When valid request with missing roles, PUT /api/v1/users/{id}/roles/{role-id} returns 401.","170","When valid request with missing roles, PUT /api/v1/users/{id}/roles/{role-id} returns 401 [1] user_creator_role=USER","Controller tests","Wed Nov 26 08:41:11 UTC 2025","failed","Wed Nov 26 08:41:12 UTC 2025","PUT /api/v1/users/{id}/roles/{role-id}","User API Controller Tests","education.kub.backend.ce.domain.user.controller.UserControllerTests$UsersTests$UserTests$UserRoleTests$AddRoleTests","AddRoleWithNotAllowedRole"
"When request is valid, POST /api/v1/account/recovery-password returns 204 and valid response.","84","When request is valid, POST /api/v1/account/recovery-password returns 204 and valid response","Controller tests","Wed Nov 26 08:41:03 UTC 2025","passed","Wed Nov 26 08:41:03 UTC 2025","POST /api/v1/account/recovery-password","Account API Controller Tests","education.kub.backend.ce.domain.user.controller.AccountControllerTests$PasswordRecoveryTests","RecoverPasswordSuccess"
"When request is valid, DELETE /api/v1/users/{id} returns 200.","171","When request is valid, DELETE /api/v1/users/{id} returns 200 [3] user_creator_role=ORGANIZER","Controller tests","Wed Nov 26 08:41:15 UTC 2025","passed","Wed Nov 26 08:41:15 UTC 2025","DELETE /api/v1/users/{id}","User API Controller Tests","education.kub.backend.ce.domain.user.controller.UserControllerTests$UsersTests$UserTests$DeleteUserTests","DeleteUserSuccessWithAllowedRole"
"When request with id url parameter for not existing user, PUT /api/v1/users/{id}/roles/{role-id} returns 404.","170","When request with id url parameter for not existing user, PUT /api/v1/users/{id}/roles/{role-id} returns 404","Controller tests","Wed Nov 26 08:41:11 UTC 2025","passed","Wed Nov 26 08:41:11 UTC 2025","PUT /api/v1/users/{id}/roles/{role-id}","User API Controller Tests","education.kub.backend.ce.domain.user.controller.UserControllerTests$UsersTests$UserTests$UserRoleTests$AddRoleTests","AddRoleWithNonExistedUser"
"When request is valid, PUT /api/v1/users/{id} returns 200 and valid response.","243","When request is valid, PUT /api/v1/users/{id} returns 200 and valid response [2] user_creator_role=SYSADMIN","Controller tests","Wed Nov 26 08:41:19 UTC 2025","passed","Wed Nov 26 08:41:19 UTC 2025","PUT /api/v1/users/{id}","User API Controller Tests","education.kub.backend.ce.domain.user.controller.UserControllerTests$UsersTests$UserTests$UpdateUserTests","UpdateUserSuccessWithAllowedRoles"
"When request with invalid id url parameter, GET /api/v1/users/{id} returns 400.","171","When request with invalid id url parameter, GET /api/v1/users/{id} returns 400","Controller tests","Wed Nov 26 08:41:22 UTC 2025","passed","Wed Nov 26 08:41:22 UTC 2025","GET /api/v1/users/{id}","User API Controller Tests","education.kub.backend.ce.domain.user.controller.UserControllerTests$UsersTests$UserTests$GetUserTests","GetUserWithInvalidIdUrlParameter"
"When valid request with missing roles, GET /api/v1/rooms returns 401.","217","When valid request with missing roles, GET /api/v1/rooms returns 401 [3] user_creator_role=LECTURER","Controller tests","Wed Nov 26 08:40:54 UTC 2025","failed","Wed Nov 26 08:40:55 UTC 2025","GET /api/v1/rooms","Room API Controller Tests","education.kub.backend.ce.domain.room.controller.RoomControllerTests$RoomsTests$GetRoomsTests","GetRoomsWithNotAllowedRole"
"When request is valid, POST /api/v1/users/{id}/resend returns 200 and valid response.","244","When request is valid, POST /api/v1/users/{id}/resend returns 200 and valid response [3] user_creator_role=ORGANIZER","Controller tests","Wed Nov 26 08:41:14 UTC 2025","passed","Wed Nov 26 08:41:14 UTC 2025","POST /api/v1/users/{id}/resend","User API Controller Tests","education.kub.backend.ce.domain.user.controller.UserControllerTests$UsersTests$UserTests$ResendPasswordTests","ResendPasswordSuccessWithAllowedRole"
"When request is valid, GET /api/v1/users returns 200 and valid response.","167","When request is valid, GET /api/v1/users returns 200 and valid response [3] user_creator_role=ORGANIZER","Controller tests","Wed Nov 26 08:41:23 UTC 2025","passed","Wed Nov 26 08:41:24 UTC 2025","GET /api/v1/users","User API Controller Tests","education.kub.backend.ce.domain.user.controller.UserControllerTests$UsersTests$GetUsersTests","GetUsersSuccessWithAllowedRoles"
"When request without access token header, GET /api/v1/educational-programs returns 401.","82","When request without access token header, GET /api/v1/educational-programs returns 401","Controller tests","Wed Nov 26 08:40:45 UTC 2025","failed","Wed Nov 26 08:40:45 UTC 2025","GET /api/v1/educational-programs","Educational Program API Controller Tests","education.kub.backend.ce.domain.educational_program.controller.EducationalProgramControllerTests$EducationalProgramsTests$GetEducationalProgramsTests","GetProgramsWithoutToken"
"When request body with not email field length what exceeds max possible length (32), POST /api/v1/users returns 422.","246","When request body with not email field length what exceeds max possible length (32), POST /api/v1/users returns 422 [3] request_field=middle_name","Controller tests","Wed Nov 26 08:41:20 UTC 2025","failed","Wed Nov 26 08:41:20 UTC 2025","PUT /api/v1/users/{id}","User API Controller Tests","education.kub.backend.ce.domain.user.controller.UserControllerTests$UsersTests$UserTests$UpdateUserTests","UpdateUserWithTooLongNotEmailField"
"When request with id url parameter for not existing user, POST /api/v1/users/{id}/resend returns 404.","169","When request with id url parameter for not existing user, POST /api/v1/users/{id}/resend returns 404","Controller tests","Wed Nov 26 08:41:12 UTC 2025","passed","Wed Nov 26 08:41:12 UTC 2025","POST /api/v1/users/{id}/resend","User API Controller Tests","education.kub.backend.ce.domain.user.controller.UserControllerTests$UsersTests$UserTests$ResendPasswordTests","ResendPasswordWithNonExistedUser"
"When request without body, PUT /api/v1/users/{id} returns 400.","168","When request without body, PUT /api/v1/users/{id} returns 400","Controller tests","Wed Nov 26 08:41:17 UTC 2025","failed","Wed Nov 26 08:41:17 UTC 2025","PUT /api/v1/users/{id}","User API Controller Tests","education.kub.backend.ce.domain.user.controller.UserControllerTests$UsersTests$UserTests$UpdateUserTests","UpdateUserWithEmptyRequest"
"When request with invalid access token header, DELETE /api/v1/users/{id}/roles/{role-id} returns 401.","78","When request with invalid access token header, DELETE /api/v1/users/{id}/roles/{role-id} returns 401","Controller tests","Wed Nov 26 08:41:10 UTC 2025","passed","Wed Nov 26 08:41:10 UTC 2025","DELETE /api/v1/users/{id}/roles/{role-id}","User API Controller Tests","education.kub.backend.ce.domain.user.controller.UserControllerTests$UsersTests$UserTests$UserRoleTests$RemoveRoleTests","RemoveRoleWithInvalidToken"
"When request without access token header, DELETE /api/v1/educational-programs/{id} returns 401.","88","When request without access token header, DELETE /api/v1/educational-programs/{id} returns 401","Controller tests","Wed Nov 26 08:40:38 UTC 2025","failed","Wed Nov 26 08:40:38 UTC 2025","DELETE /api/v1/educational-programs/{id}","Educational Program API Controller Tests","education.kub.backend.ce.domain.educational_program.controller.EducationalProgramControllerTests$EducationalProgramsTests$EducationalProgramTests$DeleteEducationalProgramTests","DeleteProgramWithoutToken"
"When request is valid, DELETE /api/v1/educational-programs/{id} returns 200.","204","When request is valid, DELETE /api/v1/educational-programs/{id} returns 200","Controller tests","Wed Nov 26 08:40:38 UTC 2025","passed","Wed Nov 26 08:40:38 UTC 2025","DELETE /api/v1/educational-programs/{id}","Educational Program API Controller Tests","education.kub.backend.ce.domain.educational_program.controller.EducationalProgramControllerTests$EducationalProgramsTests$EducationalProgramTests$DeleteEducationalProgramTests","DeleteProgramSuccessWithAllowedRole"
"When request body without required field, POST /api/v1/users returns 400.","281","When request body without required field, POST /api/v1/users returns 400 [3] request_field=email","Controller tests","Wed Nov 26 08:41:28 UTC 2025","failed","Wed Nov 26 08:41:28 UTC 2025","POST /api/v1/users","User API Controller Tests","education.kub.backend.ce.domain.user.controller.UserControllerTests$UsersTests$CreateUserTests","CreateUserWithoutRequestField"
"When request body with empty field, POST /api/v1/users returns 422.","244","When request body with empty field, POST /api/v1/users returns 422 [2] request_field=last_name","Controller tests","Wed Nov 26 08:41:26 UTC 2025","failed","Wed Nov 26 08:41:27 UTC 2025","POST /api/v1/users","User API Controller Tests","education.kub.backend.ce.domain.user.controller.UserControllerTests$UsersTests$CreateUserTests","CreateUserWithEmptyRequestField"
"When valid request with missing roles, DELETE /api/v1/rooms/{id} returns 401.","190","When valid request with missing roles, DELETE /api/v1/rooms/{id} returns 401 [2] user_creator_role=STUDENT","Controller tests","Wed Nov 26 08:40:47 UTC 2025","failed","Wed Nov 26 08:40:47 UTC 2025","DELETE /api/v1/rooms/{id}","Room API Controller Tests","education.kub.backend.ce.domain.room.controller.RoomControllerTests$RoomsTests$RoomTests$DeleteRoomTests","DeleteRoomWithNotAllowedRole"
