"DESCRIPTION","DURATION IN MS","NAME","PARENT SUITE","START TIME","STATUS","STOP TIME","SUB SUITE","SUITE","TEST CLASS","TEST METHOD"
"When request with invalid access token header, POST /api/v1/users returns 401.","77","When request with invalid access token header, POST /api/v1/users returns 401","Controller tests","Sun Nov 23 22:40:34 UTC 2025","passed","Sun Nov 23 22:40:34 UTC 2025","POST /api/v1/users","User API Controller Tests","education.kub.backend.ce.domain.user.controller.UserControllerTests$UsersTests$CreateUserTests","CreateUserWithInvalidToken"
"When request is valid, POST /api/v1/users returns 201 and valid response.","243","When request is valid, POST /api/v1/users returns 201 and valid response [1] user_creator_role=ADMIN","Controller tests","Sun Nov 23 22:40:33 UTC 2025","passed","Sun Nov 23 22:40:34 UTC 2025","POST /api/v1/users","User API Controller Tests","education.kub.backend.ce.domain.user.controller.UserControllerTests$UsersTests$CreateUserTests","CreateUserSuccessWithAllowedRoles"
"When request body with negative capacity field value, POST /api/v1/rooms returns 422.","182","When request body with negative capacity field value, POST /api/v1/rooms returns 422","Controller tests","Sun Nov 23 22:40:01 UTC 2025","failed","Sun Nov 23 22:40:02 UTC 2025","POST /api/v1/rooms","Room API Controller Tests","education.kub.backend.ce.domain.room.controller.RoomControllerTests$RoomsTests$CreateRoomTests","CreateRoomWithNegativeCapacityFieldValue"
"When request without access token header, DELETE /api/v1/rooms/{id} returns 401.","98","When request without access token header, DELETE /api/v1/rooms/{id} returns 401","Controller tests","Sun Nov 23 22:39:53 UTC 2025","failed","Sun Nov 23 22:39:53 UTC 2025","DELETE /api/v1/rooms/{id}","Room API Controller Tests","education.kub.backend.ce.domain.room.controller.RoomControllerTests$RoomsTests$RoomTests$DeleteRoomTests","DeleteRoomWithoutToken"
"When request is valid, POST /api/v1/auth/logout returns 204.","180","When request is valid, POST /api/v1/auth/logout returns 204","Controller tests","Sun Nov 23 22:40:07 UTC 2025","passed","Sun Nov 23 22:40:07 UTC 2025","POST /api/v1/auth/logout","Auth API Controller Tests","education.kub.backend.ce.domain.auth.controller.AuthControllerTests$LogoutTests","LogoutSuccess"
"When request is valid, GET /api/v1/users returns 200 and valid response.","169","When request is valid, GET /api/v1/users returns 200 and valid response [2] user_creator_role=SYSADMIN","Controller tests","Sun Nov 23 22:40:29 UTC 2025","passed","Sun Nov 23 22:40:29 UTC 2025","GET /api/v1/users","User API Controller Tests","education.kub.backend.ce.domain.user.controller.UserControllerTests$UsersTests$GetUsersTests","GetUsersSuccessWithAllowedRoles"
"When valid request body without middle name field, POST /api/v1/users returns 201 and valid response.","244","When valid request body without middle name field, POST /api/v1/users returns 201 and valid response","Controller tests","Sun Nov 23 22:40:30 UTC 2025","passed","Sun Nov 23 22:40:31 UTC 2025","POST /api/v1/users","User API Controller Tests","education.kub.backend.ce.domain.user.controller.UserControllerTests$UsersTests$CreateUserTests","CreateUserSuccessOnUserWithoutMiddleName"
"When valid request with missing roles, POST /api/v1/users/{id}/resend returns 401.","243","When valid request with missing roles, POST /api/v1/users/{id}/resend returns 401 [3] user_creator_role=LECTURER","Controller tests","Sun Nov 23 22:40:20 UTC 2025","failed","Sun Nov 23 22:40:20 UTC 2025","POST /api/v1/users/{id}/resend","User API Controller Tests","education.kub.backend.ce.domain.user.controller.UserControllerTests$UsersTests$UserTests$ResendPasswordTests","ResendPasswordWithNotAllowedRole"
"When valid request with missing roles, PUT /api/v1/users/{id}/roles/{role-id} returns 401.","174","When valid request with missing roles, PUT /api/v1/users/{id}/roles/{role-id} returns 401 [3] user_creator_role=LECTURER","Controller tests","Sun Nov 23 22:40:19 UTC 2025","failed","Sun Nov 23 22:40:19 UTC 2025","PUT /api/v1/users/{id}/roles/{role-id}","User API Controller Tests","education.kub.backend.ce.domain.user.controller.UserControllerTests$UsersTests$UserTests$UserRoleTests$AddRoleTests","AddRoleWithNotAllowedRole"
"When request without body, POST /api/v1/account/recovery-password returns 400.","90","When request without body, POST /api/v1/account/recovery-password returns 400","Controller tests","Sun Nov 23 22:40:09 UTC 2025","passed","Sun Nov 23 22:40:09 UTC 2025","POST /api/v1/account/recovery-password","Account API Controller Tests","education.kub.backend.ce.domain.user.controller.AccountControllerTests$PasswordRecoveryTests","RecoverPasswordWithoutBody"
"When request with invalid role id url parameter, PUT /api/v1/users/{id}/roles/{role-id} returns 400.","172","When request with invalid role id url parameter, PUT /api/v1/users/{id}/roles/{role-id} returns 400","Controller tests","Sun Nov 23 22:40:18 UTC 2025","passed","Sun Nov 23 22:40:18 UTC 2025","PUT /api/v1/users/{id}/roles/{role-id}","User API Controller Tests","education.kub.backend.ce.domain.user.controller.UserControllerTests$UsersTests$UserTests$UserRoleTests$AddRoleTests","AddRoleWithInvalidRoleIdUrlParameter"
"When request is valid, DELETE /api/v1/users/{id} returns 200.","171","When request is valid, DELETE /api/v1/users/{id} returns 200 [3] user_creator_role=ORGANIZER","Controller tests","Sun Nov 23 22:40:22 UTC 2025","passed","Sun Nov 23 22:40:22 UTC 2025","DELETE /api/v1/users/{id}","User API Controller Tests","education.kub.backend.ce.domain.user.controller.UserControllerTests$UsersTests$UserTests$DeleteUserTests","DeleteUserSuccessWithAllowedRole"
"When request is valid, PUT /api/v1/users/{id}/roles/{role-id} returns 200 and valid response.","177","When request is valid, PUT /api/v1/users/{id}/roles/{role-id} returns 200 and valid response [3] user_creator_role=ORGANIZER","Controller tests","Sun Nov 23 22:40:17 UTC 2025","passed","Sun Nov 23 22:40:17 UTC 2025","PUT /api/v1/users/{id}/roles/{role-id}","User API Controller Tests","education.kub.backend.ce.domain.user.controller.UserControllerTests$UsersTests$UserTests$UserRoleTests$AddRoleTests","AddRoleSuccessWithAllowedRole"
"When request body with empty new password, POST /api/v1/account/change-password returns 422.","320","When request body with empty new password, POST /api/v1/account/change-password returns 422","Controller tests","Sun Nov 23 22:40:10 UTC 2025","failed","Sun Nov 23 22:40:10 UTC 2025","POST /api/v1/account/change-password","Account API Controller Tests","education.kub.backend.ce.domain.user.controller.AccountControllerTests$ChangePasswordTests","ChangePasswordWithEmptyNewPassword"
"When request is valid, GET /api/v1/users returns 200 and valid response.","170","When request is valid, GET /api/v1/users returns 200 and valid response [1] user_creator_role=ADMIN","Controller tests","Sun Nov 23 22:40:29 UTC 2025","passed","Sun Nov 23 22:40:29 UTC 2025","GET /api/v1/users","User API Controller Tests","education.kub.backend.ce.domain.user.controller.UserControllerTests$UsersTests$GetUsersTests","GetUsersSuccessWithAllowedRoles"
"When request body with location field length what exceeds max possible length (256), PUT /api/v1/rooms/{id} returns 400.","199","When request body with location field length what exceeds max possible length (256), PUT /api/v1/rooms/{id} returns 400","Controller tests","Sun Nov 23 22:39:55 UTC 2025","failed","Sun Nov 23 22:39:55 UTC 2025","PUT /api/v1/rooms/{id}","Room API Controller Tests","education.kub.backend.ce.domain.room.controller.RoomControllerTests$RoomsTests$RoomTests$UpdateRoomTests","CreateRoomWithTooLongLocationFieldString"
"When valid request body without description field, POST /api/v1/rooms returns 201 and valid response.","179","When valid request body without description field, POST /api/v1/rooms returns 201 and valid response","Controller tests","Sun Nov 23 22:40:02 UTC 2025","passed","Sun Nov 23 22:40:02 UTC 2025","POST /api/v1/rooms","Room API Controller Tests","education.kub.backend.ce.domain.room.controller.RoomControllerTests$RoomsTests$CreateRoomTests","CreateRoomSuccessOnRoomWithoutDescription"
"When request body with empty old password, POST /api/v1/account/change-password returns 401.","255","When request body with empty old password, POST /api/v1/account/change-password returns 401","Controller tests","Sun Nov 23 22:40:11 UTC 2025","passed","Sun Nov 23 22:40:11 UTC 2025","POST /api/v1/account/change-password","Account API Controller Tests","education.kub.backend.ce.domain.user.controller.AccountControllerTests$ChangePasswordTests","ChangePasswordWithEmptyOldPassword"
"When request without access token header, DELETE /api/v1/users/{id}/roles/{role-id} returns 401.","83","When request without access token header, DELETE /api/v1/users/{id}/roles/{role-id} returns 401","Controller tests","Sun Nov 23 22:40:15 UTC 2025","failed","Sun Nov 23 22:40:15 UTC 2025","DELETE /api/v1/users/{id}/roles/{role-id}","User API Controller Tests","education.kub.backend.ce.domain.user.controller.UserControllerTests$UsersTests$UserTests$UserRoleTests$RemoveRoleTests","RemoveRoleWithoutToken"
"When valid request with missing roles, GET /api/v1/users/{id} returns 401.","169","When valid request with missing roles, GET /api/v1/users/{id} returns 401 [3] user_creator_role=LECTURER","Controller tests","Sun Nov 23 22:40:28 UTC 2025","failed","Sun Nov 23 22:40:28 UTC 2025","GET /api/v1/users/{id}","User API Controller Tests","education.kub.backend.ce.domain.user.controller.UserControllerTests$UsersTests$UserTests$GetUserTests","GetUserWithNotAllowedRole"
"When valid request with missing roles, POST /api/v1/rooms returns 401.","187","When valid request with missing roles, POST /api/v1/rooms returns 401 [3] user_creator_role=LECTURER","Controller tests","Sun Nov 23 22:40:04 UTC 2025","failed","Sun Nov 23 22:40:05 UTC 2025","POST /api/v1/rooms","Room API Controller Tests","education.kub.backend.ce.domain.room.controller.RoomControllerTests$RoomsTests$CreateRoomTests","CreateRoomWithNotAllowedRole"
"When valid request with missing roles, GET /api/v1/rooms/{id} returns 401.","183","When valid request with missing roles, GET /api/v1/rooms/{id} returns 401 [3] user_creator_role=LECTURER","Controller tests","Sun Nov 23 22:39:59 UTC 2025","failed","Sun Nov 23 22:39:59 UTC 2025","GET /api/v1/rooms/{id}","Room API Controller Tests","education.kub.backend.ce.domain.room.controller.RoomControllerTests$RoomsTests$RoomTests$GetRoomTests","GetRoomWithNotAllowedRole"
"When request with room id url parameter for not existing room, GET /api/v1/rooms/{id} returns 404.","180","When request with room id url parameter for not existing room, GET /api/v1/rooms/{id} returns 404","Controller tests","Sun Nov 23 22:39:59 UTC 2025","passed","Sun Nov 23 22:39:59 UTC 2025","GET /api/v1/rooms/{id}","Room API Controller Tests","education.kub.backend.ce.domain.room.controller.RoomControllerTests$RoomsTests$RoomTests$GetRoomTests","GetRoomWithNonExistedRoom"
"When valid request with missing roles, PUT /api/v1/users/{id} returns 401.","176","When valid request with missing roles, PUT /api/v1/users/{id} returns 401 [1] user_creator_role=USER","Controller tests","Sun Nov 23 22:40:23 UTC 2025","failed","Sun Nov 23 22:40:24 UTC 2025","PUT /api/v1/users/{id}","User API Controller Tests","education.kub.backend.ce.domain.user.controller.UserControllerTests$UsersTests$UserTests$UpdateUserTests","UpdateUserWithNotAllowedRole"
"When request without access token header, GET /api/v1/users returns 401.","77","When request without access token header, GET /api/v1/users returns 401","Controller tests","Sun Nov 23 22:40:29 UTC 2025","failed","Sun Nov 23 22:40:29 UTC 2025","GET /api/v1/users","User API Controller Tests","education.kub.backend.ce.domain.user.controller.UserControllerTests$UsersTests$GetUsersTests","GetUsersWithoutToken"
"When request body without required field, PUT /api/v1/users/{id} returns 400.","243","When request body without required field, PUT /api/v1/users/{id} returns 400 [1] request_field=first_name","Controller tests","Sun Nov 23 22:40:25 UTC 2025","failed","Sun Nov 23 22:40:25 UTC 2025","PUT /api/v1/users/{id}","User API Controller Tests","education.kub.backend.ce.domain.user.controller.UserControllerTests$UsersTests$UserTests$UpdateUserTests","UpdateUserWithoutRequestField"
"When valid request with missing roles, POST /api/v1/users/{id}/resend returns 401.","249","When valid request with missing roles, POST /api/v1/users/{id}/resend returns 401 [1] user_creator_role=USER","Controller tests","Sun Nov 23 22:40:19 UTC 2025","failed","Sun Nov 23 22:40:20 UTC 2025","POST /api/v1/users/{id}/resend","User API Controller Tests","education.kub.backend.ce.domain.user.controller.UserControllerTests$UsersTests$UserTests$ResendPasswordTests","ResendPasswordWithNotAllowedRole"
"When request body with empty field, POST /api/v1/users returns 422.","249","When request body with empty field, POST /api/v1/users returns 422 [4] request_field=email","Controller tests","Sun Nov 23 22:40:32 UTC 2025","failed","Sun Nov 23 22:40:32 UTC 2025","POST /api/v1/users","User API Controller Tests","education.kub.backend.ce.domain.user.controller.UserControllerTests$UsersTests$CreateUserTests","CreateUserWithEmptyRequestField"
"When request is valid, GET /api/v1/roles returns 200 and valid response.","184","When request is valid, GET /api/v1/roles returns 200 and valid response [2] user_creator_role=SYSADMIN","Controller tests","Sun Nov 23 22:40:14 UTC 2025","passed","Sun Nov 23 22:40:14 UTC 2025","GET /api/v1/roles","User API Controller Tests","education.kub.backend.ce.domain.user.controller.UserControllerTests$GetRolesTests","GetRolesSuccessWithAllowedRole"
"When request is valid, DELETE /api/v1/users/{id}/roles/{role-id} returns 200.","177","When request is valid, DELETE /api/v1/users/{id}/roles/{role-id} returns 200 [3] user_creator_role=ORGANIZER","Controller tests","Sun Nov 23 22:40:17 UTC 2025","passed","Sun Nov 23 22:40:17 UTC 2025","DELETE /api/v1/users/{id}/roles/{role-id}","User API Controller Tests","education.kub.backend.ce.domain.user.controller.UserControllerTests$UsersTests$UserTests$UserRoleTests$RemoveRoleTests","RemoveRoleSuccessWithAllowedRole"
"When request without body, POST /api/v1/auth/login returns 400.","181","When request without body, POST /api/v1/auth/login returns 400","Controller tests","Sun Nov 23 22:40:08 UTC 2025","passed","Sun Nov 23 22:40:09 UTC 2025","POST /api/v1/auth/login","Auth API Controller Tests","education.kub.backend.ce.domain.auth.controller.AuthControllerTests$LoginTests","LoginWithoutBody"
"When valid request with missing roles, GET /api/v1/rooms returns 401.","195","When valid request with missing roles, GET /api/v1/rooms returns 401 [3] user_creator_role=LECTURER","Controller tests","Sun Nov 23 22:40:01 UTC 2025","failed","Sun Nov 23 22:40:01 UTC 2025","GET /api/v1/rooms","Room API Controller Tests","education.kub.backend.ce.domain.room.controller.RoomControllerTests$RoomsTests$GetRoomsTests","GetRoomsWithNotAllowedRole"
"When request with invalid access token header, DELETE /api/v1/users/{id} returns 401.","79","When request with invalid access token header, DELETE /api/v1/users/{id} returns 401","Controller tests","Sun Nov 23 22:40:21 UTC 2025","passed","Sun Nov 23 22:40:21 UTC 2025","DELETE /api/v1/users/{id}","User API Controller Tests","education.kub.backend.ce.domain.user.controller.UserControllerTests$UsersTests$UserTests$DeleteUserTests","DeleteUserWithInvalidToken"
"When valid request with email field equal to another existing user, POST /api/v1/users returns 409.","169","When valid request with email field equal to another existing user, POST /api/v1/users returns 409","Controller tests","Sun Nov 23 22:40:30 UTC 2025","passed","Sun Nov 23 22:40:30 UTC 2025","POST /api/v1/users","User API Controller Tests","education.kub.backend.ce.domain.user.controller.UserControllerTests$UsersTests$CreateUserTests","CreateUserWithSameEmail"
"When request with id url parameter for not existing user, PUT /api/v1/users/{id}/roles/{role-id} returns 404.","174","When request with id url parameter for not existing user, PUT /api/v1/users/{id}/roles/{role-id} returns 404","Controller tests","Sun Nov 23 22:40:18 UTC 2025","passed","Sun Nov 23 22:40:18 UTC 2025","PUT /api/v1/users/{id}/roles/{role-id}","User API Controller Tests","education.kub.backend.ce.domain.user.controller.UserControllerTests$UsersTests$UserTests$UserRoleTests$AddRoleTests","AddRoleWithNonExistedUser"
"When request body with empty field, PUT /api/v1/users/{id} returns 422.","245","When request body with empty field, PUT /api/v1/users/{id} returns 422 [1] request_field=first_name","Controller tests","Sun Nov 23 22:40:26 UTC 2025","failed","Sun Nov 23 22:40:26 UTC 2025","PUT /api/v1/users/{id}","User API Controller Tests","education.kub.backend.ce.domain.user.controller.UserControllerTests$UsersTests$UserTests$UpdateUserTests","UpdateUserWithEmptyRequestField"
"When request without access token header, PUT /api/v1/users/{id} returns 401.","77","When request without access token header, PUT /api/v1/users/{id} returns 401","Controller tests","Sun Nov 23 22:40:24 UTC 2025","failed","Sun Nov 23 22:40:24 UTC 2025","PUT /api/v1/users/{id}","User API Controller Tests","education.kub.backend.ce.domain.user.controller.UserControllerTests$UsersTests$UserTests$UpdateUserTests","UpdateUserWithoutToken"
"When valid request with missing roles, GET /api/v1/rooms/{id} returns 401.","184","When valid request with missing roles, GET /api/v1/rooms/{id} returns 401 [2] user_creator_role=STUDENT","Controller tests","Sun Nov 23 22:39:59 UTC 2025","failed","Sun Nov 23 22:39:59 UTC 2025","GET /api/v1/rooms/{id}","Room API Controller Tests","education.kub.backend.ce.domain.room.controller.RoomControllerTests$RoomsTests$RoomTests$GetRoomTests","GetRoomWithNotAllowedRole"
"When request with invalid body, POST /api/v1/auth/login returns 400.","187","When request with invalid body, POST /api/v1/auth/login returns 400","Controller tests","Sun Nov 23 22:40:08 UTC 2025","passed","Sun Nov 23 22:40:08 UTC 2025","POST /api/v1/auth/login","Auth API Controller Tests","education.kub.backend.ce.domain.auth.controller.AuthControllerTests$LoginTests","LoginWithInvalidBody"
"When request with invalid id url parameter, PUT /api/v1/users/{id} returns 400.","182","When request with invalid id url parameter, PUT /api/v1/users/{id} returns 400","Controller tests","Sun Nov 23 22:40:24 UTC 2025","passed","Sun Nov 23 22:40:25 UTC 2025","PUT /api/v1/users/{id}","User API Controller Tests","education.kub.backend.ce.domain.user.controller.UserControllerTests$UsersTests$UserTests$UpdateUserTests","UpdateUserWithInvalidIdUrlParameter"
"When request with invalid room id url parameter, PUT /api/v1/rooms/{id} returns 400.","195","When request with invalid room id url parameter, PUT /api/v1/rooms/{id} returns 400","Controller tests","Sun Nov 23 22:39:54 UTC 2025","passed","Sun Nov 23 22:39:55 UTC 2025","PUT /api/v1/rooms/{id}","Room API Controller Tests","education.kub.backend.ce.domain.room.controller.RoomControllerTests$RoomsTests$RoomTests$UpdateRoomTests","UpdateRoomWithInvalidIdUrlParameter"
"When request is valid, POST /api/v1/users/{id}/resend returns 200 and valid response.","245","When request is valid, POST /api/v1/users/{id}/resend returns 200 and valid response [1] user_creator_role=ADMIN","Controller tests","Sun Nov 23 22:40:20 UTC 2025","passed","Sun Nov 23 22:40:20 UTC 2025","POST /api/v1/users/{id}/resend","User API Controller Tests","education.kub.backend.ce.domain.user.controller.UserControllerTests$UsersTests$UserTests$ResendPasswordTests","ResendPasswordSuccessWithAllowedRole"
"When valid request with missing roles, GET /api/v1/rooms/{id} returns 401.","182","When valid request with missing roles, GET /api/v1/rooms/{id} returns 401 [1] user_creator_role=USER","Controller tests","Sun Nov 23 22:39:59 UTC 2025","failed","Sun Nov 23 22:39:59 UTC 2025","GET /api/v1/rooms/{id}","Room API Controller Tests","education.kub.backend.ce.domain.room.controller.RoomControllerTests$RoomsTests$RoomTests$GetRoomTests","GetRoomWithNotAllowedRole"
"When valid request with missing roles, GET /api/v1/users returns 401.","168","When valid request with missing roles, GET /api/v1/users returns 401 [1] user_creator_role=USER","Controller tests","Sun Nov 23 22:40:29 UTC 2025","failed","Sun Nov 23 22:40:30 UTC 2025","GET /api/v1/users","User API Controller Tests","education.kub.backend.ce.domain.user.controller.UserControllerTests$UsersTests$GetUsersTests","GetUsersWithNotAllowedRole"
"When valid request with missing roles, POST /api/v1/users/{id}/resend returns 401.","245","When valid request with missing roles, POST /api/v1/users/{id}/resend returns 401 [2] user_creator_role=STUDENT","Controller tests","Sun Nov 23 22:40:20 UTC 2025","failed","Sun Nov 23 22:40:20 UTC 2025","POST /api/v1/users/{id}/resend","User API Controller Tests","education.kub.backend.ce.domain.user.controller.UserControllerTests$UsersTests$UserTests$ResendPasswordTests","ResendPasswordWithNotAllowedRole"
"When request with invalid access token, POST /api/v1/auth/logout returns 401.","80","When request with invalid access token, POST /api/v1/auth/logout returns 401","Controller tests","Sun Nov 23 22:40:07 UTC 2025","passed","Sun Nov 23 22:40:08 UTC 2025","POST /api/v1/auth/logout","Auth API Controller Tests","education.kub.backend.ce.domain.auth.controller.AuthControllerTests$LogoutTests","LogoutWithInvalidToken"
"When request with invalid id url parameter, POST /api/v1/users/{id}/resend returns 400.","170","When request with invalid id url parameter, POST /api/v1/users/{id}/resend returns 400","Controller tests","Sun Nov 23 22:40:19 UTC 2025","passed","Sun Nov 23 22:40:19 UTC 2025","POST /api/v1/users/{id}/resend","User API Controller Tests","education.kub.backend.ce.domain.user.controller.UserControllerTests$UsersTests$UserTests$ResendPasswordTests","ResendPasswordWithInvalidIdUrlParameter"
"When valid request with missing roles, PUT /api/v1/users/{id} returns 401.","179","When valid request with missing roles, PUT /api/v1/users/{id} returns 401 [2] user_creator_role=STUDENT","Controller tests","Sun Nov 23 22:40:24 UTC 2025","failed","Sun Nov 23 22:40:24 UTC 2025","PUT /api/v1/users/{id}","User API Controller Tests","education.kub.backend.ce.domain.user.controller.UserControllerTests$UsersTests$UserTests$UpdateUserTests","UpdateUserWithNotAllowedRole"
"When request with invalid access token header, POST /api/v1/auth/login returns 401.","81","When request with invalid access token header , POST /api/v1/auth/login returns 401","Controller tests","Sun Nov 23 22:40:09 UTC 2025","passed","Sun Nov 23 22:40:09 UTC 2025","POST /api/v1/auth/login","Auth API Controller Tests","education.kub.backend.ce.domain.auth.controller.AuthControllerTests$LoginTests","LoginWithInvalidToken"
"When request is valid, GET /api/v1/users returns 200 and valid response.","169","When request is valid, GET /api/v1/users returns 200 and valid response [3] user_creator_role=ORGANIZER","Controller tests","Sun Nov 23 22:40:29 UTC 2025","passed","Sun Nov 23 22:40:29 UTC 2025","GET /api/v1/users","User API Controller Tests","education.kub.backend.ce.domain.user.controller.UserControllerTests$UsersTests$GetUsersTests","GetUsersSuccessWithAllowedRoles"
"When valid request with missing roles, POST /api/v1/rooms returns 401.","175","When valid request with missing roles, POST /api/v1/rooms returns 401 [5] user_creator_role=SYSADMIN","Controller tests","Sun Nov 23 22:40:05 UTC 2025","failed","Sun Nov 23 22:40:05 UTC 2025","POST /api/v1/rooms","Room API Controller Tests","education.kub.backend.ce.domain.room.controller.RoomControllerTests$RoomsTests$CreateRoomTests","CreateRoomWithNotAllowedRole"
"When request body with negative capacity field value, PUT /api/v1/rooms/{id} returns 422.","214","When request body with negative capacity field value, PUT /api/v1/rooms/{id} returns 422","Controller tests","Sun Nov 23 22:39:55 UTC 2025","failed","Sun Nov 23 22:39:55 UTC 2025","PUT /api/v1/rooms/{id}","Room API Controller Tests","education.kub.backend.ce.domain.room.controller.RoomControllerTests$RoomsTests$RoomTests$UpdateRoomTests","CreateRoomWithNegativeCapacityFieldValue"
"When request body with location field length what exceeds max possible length (256), POST /api/v1/rooms returns 400.","182","When request body with location field length what exceeds max possible length (256), POST /api/v1/rooms returns 400","Controller tests","Sun Nov 23 22:40:02 UTC 2025","failed","Sun Nov 23 22:40:02 UTC 2025","POST /api/v1/rooms","Room API Controller Tests","education.kub.backend.ce.domain.room.controller.RoomControllerTests$RoomsTests$CreateRoomTests","CreateRoomWithTooLongLocationFieldString"
"When valid request with missing roles, DELETE /api/v1/users/{id} returns 401.","178","When valid request with missing roles, DELETE /api/v1/users/{id} returns 401 [3] user_creator_role=LECTURER","Controller tests","Sun Nov 23 22:40:22 UTC 2025","failed","Sun Nov 23 22:40:22 UTC 2025","DELETE /api/v1/users/{id}","User API Controller Tests","education.kub.backend.ce.domain.user.controller.UserControllerTests$UsersTests$UserTests$DeleteUserTests","DeleteUserWithNotAllowedRole"
"When request with invalid user id url parameter, PUT /api/v1/users/{id}/roles/{role-id} returns 400.","175","When request with invalid user id url parameter, PUT /api/v1/users/{id}/roles/{role-id} returns 400","Controller tests","Sun Nov 23 22:40:17 UTC 2025","passed","Sun Nov 23 22:40:18 UTC 2025","PUT /api/v1/users/{id}/roles/{role-id}","User API Controller Tests","education.kub.backend.ce.domain.user.controller.UserControllerTests$UsersTests$UserTests$UserRoleTests$AddRoleTests","AddRoleWithInvalidUserIdUrlParameter"
"When request body with empty field, PUT /api/v1/rooms/{id} returns 422.","197","When request body with empty field, PUT /api/v1/rooms/{id} returns 422 [1] request_field=location","Controller tests","Sun Nov 23 22:39:57 UTC 2025","failed","Sun Nov 23 22:39:57 UTC 2025","PUT /api/v1/rooms/{id}","Room API Controller Tests","education.kub.backend.ce.domain.room.controller.RoomControllerTests$RoomsTests$RoomTests$UpdateRoomTests","UpdateRoomWithEmptyRequestField"
"When valid request with missing roles, GET /api/v1/rooms/{id} returns 401.","186","When valid request with missing roles, GET /api/v1/rooms/{id} returns 401 [5] user_creator_role=SYSADMIN","Controller tests","Sun Nov 23 22:40:00 UTC 2025","failed","Sun Nov 23 22:40:00 UTC 2025","GET /api/v1/rooms/{id}","Room API Controller Tests","education.kub.backend.ce.domain.room.controller.RoomControllerTests$RoomsTests$RoomTests$GetRoomTests","GetRoomWithNotAllowedRole"
"When request body with empty field, POST /api/v1/rooms returns 422.","176","When request body with empty field, POST /api/v1/rooms returns 422 [2] request_field=capacity","Controller tests","Sun Nov 23 22:40:02 UTC 2025","failed","Sun Nov 23 22:40:02 UTC 2025","POST /api/v1/rooms","Room API Controller Tests","education.kub.backend.ce.domain.room.controller.RoomControllerTests$RoomsTests$CreateRoomTests","CreateRoomWithEmptyRequestField"
"When valid request with missing roles, GET /api/v1/rooms returns 401.","243","When valid request with missing roles, GET /api/v1/rooms returns 401 [5] user_creator_role=SYSADMIN","Controller tests","Sun Nov 23 22:40:01 UTC 2025","failed","Sun Nov 23 22:40:01 UTC 2025","GET /api/v1/rooms","Room API Controller Tests","education.kub.backend.ce.domain.room.controller.RoomControllerTests$RoomsTests$GetRoomsTests","GetRoomsWithNotAllowedRole"
"When request is valid, POST /api/v1/account/change-password returns 204 and valid response.","322","When request is valid, POST /api/v1/account/change-password returns 204 and valid response","Controller tests","Sun Nov 23 22:40:10 UTC 2025","passed","Sun Nov 23 22:40:11 UTC 2025","POST /api/v1/account/change-password","Account API Controller Tests","education.kub.backend.ce.domain.user.controller.AccountControllerTests$ChangePasswordTests","ChangePasswordSuccess"
"When request without access token header, PUT /api/v1/users/{id}/roles/{role-id} returns 401.","81","When request without access token header, PUT /api/v1/users/{id}/roles/{role-id} returns 401","Controller tests","Sun Nov 23 22:40:17 UTC 2025","failed","Sun Nov 23 22:40:17 UTC 2025","PUT /api/v1/users/{id}/roles/{role-id}","User API Controller Tests","education.kub.backend.ce.domain.user.controller.UserControllerTests$UsersTests$UserTests$UserRoleTests$AddRoleTests","AddRoleWithoutToken"
"When valid request with missing roles, PUT /api/v1/rooms/{id} returns 401.","194","When valid request with missing roles, PUT /api/v1/rooms/{id} returns 401 [2] user_creator_role=STUDENT","Controller tests","Sun Nov 23 22:39:56 UTC 2025","failed","Sun Nov 23 22:39:56 UTC 2025","PUT /api/v1/rooms/{id}","Room API Controller Tests","education.kub.backend.ce.domain.room.controller.RoomControllerTests$RoomsTests$RoomTests$UpdateRoomTests","UpdateRoomWithNotAllowedRole"
"When request without access token header, GET /api/v1/roles returns 401.","202","When request without access token header, GET /api/v1/roles returns 401","Controller tests","Sun Nov 23 22:40:13 UTC 2025","failed","Sun Nov 23 22:40:14 UTC 2025","GET /api/v1/roles","User API Controller Tests","education.kub.backend.ce.domain.user.controller.UserControllerTests$GetRolesTests","GetRolesWithoutToken"
"When request body with zero capacity field value, PUT /api/v1/rooms/{id} returns 422.","205","When request body with zero capacity field value, PUT /api/v1/rooms/{id} returns 422","Controller tests","Sun Nov 23 22:39:57 UTC 2025","failed","Sun Nov 23 22:39:57 UTC 2025","PUT /api/v1/rooms/{id}","Room API Controller Tests","education.kub.backend.ce.domain.room.controller.RoomControllerTests$RoomsTests$RoomTests$UpdateRoomTests","UpdateRoomWithZeroCapacityFieldValue"
"When request without access token header, POST /api/v1/account/change-password returns 401.","86","When request without access token header, POST /api/v1/account/change-password returns 401","Controller tests","Sun Nov 23 22:40:10 UTC 2025","failed","Sun Nov 23 22:40:10 UTC 2025","POST /api/v1/account/change-password","Account API Controller Tests","education.kub.backend.ce.domain.user.controller.AccountControllerTests$ChangePasswordTests","ChangePasswordWithoutToken"
"When request is valid, GET /api/v1/users/{id} returns 200 and valid response.","171","When request is valid, GET /api/v1/users/{id} returns 200 and valid response [1] user_creator_role=ADMIN","Controller tests","Sun Nov 23 22:40:28 UTC 2025","passed","Sun Nov 23 22:40:28 UTC 2025","GET /api/v1/users/{id}","User API Controller Tests","education.kub.backend.ce.domain.user.controller.UserControllerTests$UsersTests$UserTests$GetUserTests","GetUserSuccessWithAllowedRoles"
"When request body with empty field, POST /api/v1/users returns 422.","243","When request body with empty field, POST /api/v1/users returns 422 [2] request_field=last_name","Controller tests","Sun Nov 23 22:40:31 UTC 2025","failed","Sun Nov 23 22:40:31 UTC 2025","POST /api/v1/users","User API Controller Tests","education.kub.backend.ce.domain.user.controller.UserControllerTests$UsersTests$CreateUserTests","CreateUserWithEmptyRequestField"
"When valid request body with unnecessary field, POST /api/v1/rooms returns 400.","176","When valid request body with unnecessary field, POST /api/v1/rooms returns 400","Controller tests","Sun Nov 23 22:40:03 UTC 2025","failed","Sun Nov 23 22:40:03 UTC 2025","POST /api/v1/rooms","Room API Controller Tests","education.kub.backend.ce.domain.room.controller.RoomControllerTests$RoomsTests$CreateRoomTests","CreateRoomWithAdditionalRequestField"
"When request without body, POST /api/v1/account/change-password returns 400.","182","When request without body, POST /api/v1/account/change-password returns 400","Controller tests","Sun Nov 23 22:40:10 UTC 2025","passed","Sun Nov 23 22:40:10 UTC 2025","POST /api/v1/account/change-password","Account API Controller Tests","education.kub.backend.ce.domain.user.controller.AccountControllerTests$ChangePasswordTests","ChangePasswordWithoutBody"
"When request with empty body, POST /api/v1/auth/login returns 400.","183","When request with empty body, POST /api/v1/auth/login returns 400","Controller tests","Sun Nov 23 22:40:09 UTC 2025","failed","Sun Nov 23 22:40:09 UTC 2025","POST /api/v1/auth/login","Auth API Controller Tests","education.kub.backend.ce.domain.auth.controller.AuthControllerTests$LoginTests","LoginWithEmptyBody"
"When valid request with missing roles, DELETE /api/v1/users/{id} returns 401.","172","When valid request with missing roles, DELETE /api/v1/users/{id} returns 401 [2] user_creator_role=STUDENT","Controller tests","Sun Nov 23 22:40:22 UTC 2025","failed","Sun Nov 23 22:40:22 UTC 2025","DELETE /api/v1/users/{id}","User API Controller Tests","education.kub.backend.ce.domain.user.controller.UserControllerTests$UsersTests$UserTests$DeleteUserTests","DeleteUserWithNotAllowedRole"
"When request with invalid access token header, PUT /api/v1/users/{id}/roles/{role-id} returns 401.","77","When request with invalid access token header, PUT /api/v1/users/{id}/roles/{role-id} returns 401","Controller tests","Sun Nov 23 22:40:18 UTC 2025","passed","Sun Nov 23 22:40:18 UTC 2025","PUT /api/v1/users/{id}/roles/{role-id}","User API Controller Tests","education.kub.backend.ce.domain.user.controller.UserControllerTests$UsersTests$UserTests$UserRoleTests$AddRoleTests","AddRoleWithInvalidToken"
"When request body with wrong password, POST /api/v1/auth/login returns 401.","254","When request body with wrong password, POST /api/v1/auth/login returns 401","Controller tests","Sun Nov 23 22:40:08 UTC 2025","passed","Sun Nov 23 22:40:08 UTC 2025","POST /api/v1/auth/login","Auth API Controller Tests","education.kub.backend.ce.domain.auth.controller.AuthControllerTests$LoginTests","LoginWithWrongPassword"
"When request with id url parameter for not existing room, DELETE /api/v1/rooms/{id} returns 404.","210","When request with id url parameter for not existing room, DELETE /api/v1/rooms/{id} returns 404","Controller tests","Sun Nov 23 22:39:53 UTC 2025","passed","Sun Nov 23 22:39:54 UTC 2025","DELETE /api/v1/rooms/{id}","Room API Controller Tests","education.kub.backend.ce.domain.room.controller.RoomControllerTests$RoomsTests$RoomTests$DeleteRoomTests","DeleteRoomWithNonExistedUser"
"When request with invalid access token header, DELETE /api/v1/users/{id}/roles/{role-id} returns 401.","79","When request with invalid access token header, DELETE /api/v1/users/{id}/roles/{role-id} returns 401","Controller tests","Sun Nov 23 22:40:17 UTC 2025","passed","Sun Nov 23 22:40:17 UTC 2025","DELETE /api/v1/users/{id}/roles/{role-id}","User API Controller Tests","education.kub.backend.ce.domain.user.controller.UserControllerTests$UsersTests$UserTests$UserRoleTests$RemoveRoleTests","RemoveRoleWithInvalidToken"
"When valid request with missing roles, GET /api/v1/users/{id} returns 401.","171","When valid request with missing roles, GET /api/v1/users/{id} returns 401 [1] user_creator_role=USER","Controller tests","Sun Nov 23 22:40:28 UTC 2025","failed","Sun Nov 23 22:40:28 UTC 2025","GET /api/v1/users/{id}","User API Controller Tests","education.kub.backend.ce.domain.user.controller.UserControllerTests$UsersTests$UserTests$GetUserTests","GetUserWithNotAllowedRole"
"When request is valid, POST /api/v1/users returns 201 and valid response.","242","When request is valid, POST /api/v1/users returns 201 and valid response [3] user_creator_role=ORGANIZER","Controller tests","Sun Nov 23 22:40:34 UTC 2025","passed","Sun Nov 23 22:40:34 UTC 2025","POST /api/v1/users","User API Controller Tests","education.kub.backend.ce.domain.user.controller.UserControllerTests$UsersTests$CreateUserTests","CreateUserSuccessWithAllowedRoles"
"When request with id url parameter for not existing user, DELETE /api/v1/users/{id} returns 404.","171","When request with id url parameter for not existing user, DELETE /api/v1/users/{id} returns 404","Controller tests","Sun Nov 23 22:40:22 UTC 2025","passed","Sun Nov 23 22:40:22 UTC 2025","DELETE /api/v1/users/{id}","User API Controller Tests","education.kub.backend.ce.domain.user.controller.UserControllerTests$UsersTests$UserTests$DeleteUserTests","DeleteUserWithNonExistedUser"
"When valid request with missing roles, POST /api/v1/rooms returns 401.","178","When valid request with missing roles, POST /api/v1/rooms returns 401 [4] user_creator_role=ORGANIZER","Controller tests","Sun Nov 23 22:40:05 UTC 2025","failed","Sun Nov 23 22:40:05 UTC 2025","POST /api/v1/rooms","Room API Controller Tests","education.kub.backend.ce.domain.room.controller.RoomControllerTests$RoomsTests$CreateRoomTests","CreateRoomWithNotAllowedRole"
"When request with invalid role id url parameter, DELETE /api/v1/users/{id}/roles/{role-id} returns 400.","173","When request with invalid role id url parameter, DELETE /api/v1/users/{id}/roles/{role-id} returns 400","Controller tests","Sun Nov 23 22:40:16 UTC 2025","passed","Sun Nov 23 22:40:16 UTC 2025","DELETE /api/v1/users/{id}/roles/{role-id}","User API Controller Tests","education.kub.backend.ce.domain.user.controller.UserControllerTests$UsersTests$UserTests$UserRoleTests$RemoveRoleTests","RemoveRoleWithInvalidRoleIdUrlParameter"
"When request without invalid access token header, GET /api/v1/account/me returns 401.","92","When request without invalid access token header, GET /api/v1/account/me returns 401","Controller tests","Sun Nov 23 22:40:11 UTC 2025","passed","Sun Nov 23 22:40:12 UTC 2025","GET /api/v1/account/me","Account API Controller Tests","education.kub.backend.ce.domain.user.controller.AccountControllerTests$AccountMeTests","GetUserAccountInfoWithInvalidToken"
"When request body with wrong email, POST /api/v1/auth/login returns 401.","252","When request body with wrong email, POST /api/v1/auth/login returns 401","Controller tests","Sun Nov 23 22:40:09 UTC 2025","passed","Sun Nov 23 22:40:09 UTC 2025","POST /api/v1/auth/login","Auth API Controller Tests","education.kub.backend.ce.domain.auth.controller.AuthControllerTests$LoginTests","LoginWithWrongEmail"
"When request without access token header, GET /api/v1/rooms/{id} returns 401.","79","When request without access token header, GET /api/v1/rooms/{id} returns 401","Controller tests","Sun Nov 23 22:40:00 UTC 2025","failed","Sun Nov 23 22:40:00 UTC 2025","GET /api/v1/rooms/{id}","Room API Controller Tests","education.kub.backend.ce.domain.room.controller.RoomControllerTests$RoomsTests$RoomTests$GetRoomTests","GetRoomWithoutToken"
"When valid request with missing roles, PUT /api/v1/users/{id} returns 401.","173","When valid request with missing roles, PUT /api/v1/users/{id} returns 401 [3] user_creator_role=LECTURER","Controller tests","Sun Nov 23 22:40:24 UTC 2025","failed","Sun Nov 23 22:40:24 UTC 2025","PUT /api/v1/users/{id}","User API Controller Tests","education.kub.backend.ce.domain.user.controller.UserControllerTests$UsersTests$UserTests$UpdateUserTests","UpdateUserWithNotAllowedRole"
"When valid request with missing roles, GET /api/v1/rooms returns 401.","189","When valid request with missing roles, GET /api/v1/rooms returns 401 [1] user_creator_role=USER","Controller tests","Sun Nov 23 22:40:00 UTC 2025","failed","Sun Nov 23 22:40:01 UTC 2025","GET /api/v1/rooms","Room API Controller Tests","education.kub.backend.ce.domain.room.controller.RoomControllerTests$RoomsTests$GetRoomsTests","GetRoomsWithNotAllowedRole"
"When valid request with location field equal to another existing room, POST /api/v1/rooms returns 409.","185","When valid request with location field equal to another existing room, POST /api/v1/rooms returns 409","Controller tests","Sun Nov 23 22:40:04 UTC 2025","passed","Sun Nov 23 22:40:04 UTC 2025","POST /api/v1/rooms","Room API Controller Tests","education.kub.backend.ce.domain.room.controller.RoomControllerTests$RoomsTests$CreateRoomTests","CreateUserWithSameLocation"
"When request with invalid id url parameter, DELETE /api/v1/users/{id} returns 400.","177","When request with invalid id url parameter, DELETE /api/v1/users/{id} returns 400","Controller tests","Sun Nov 23 22:40:22 UTC 2025","passed","Sun Nov 23 22:40:23 UTC 2025","DELETE /api/v1/users/{id}","User API Controller Tests","education.kub.backend.ce.domain.user.controller.UserControllerTests$UsersTests$UserTests$DeleteUserTests","DeleteUserWithInvalidIdUrlParameter"
"When valid request with missing roles, POST /api/v1/rooms returns 401.","175","When valid request with missing roles, POST /api/v1/rooms returns 401 [1] user_creator_role=USER","Controller tests","Sun Nov 23 22:40:04 UTC 2025","failed","Sun Nov 23 22:40:04 UTC 2025","POST /api/v1/rooms","Room API Controller Tests","education.kub.backend.ce.domain.room.controller.RoomControllerTests$RoomsTests$CreateRoomTests","CreateRoomWithNotAllowedRole"
"When request body without old password, POST /api/v1/account/change-password returns 401.","179","When request body without old password, POST /api/v1/account/change-password returns 401","Controller tests","Sun Nov 23 22:40:10 UTC 2025","failed","Sun Nov 23 22:40:10 UTC 2025","POST /api/v1/account/change-password","Account API Controller Tests","education.kub.backend.ce.domain.user.controller.AccountControllerTests$ChangePasswordTests","ChangePasswordWithoutOldPassword"
"When valid request with missing roles, GET /api/v1/users returns 401.","169","When valid request with missing roles, GET /api/v1/users returns 401 [2] user_creator_role=STUDENT","Controller tests","Sun Nov 23 22:40:30 UTC 2025","failed","Sun Nov 23 22:40:30 UTC 2025","GET /api/v1/users","User API Controller Tests","education.kub.backend.ce.domain.user.controller.UserControllerTests$UsersTests$GetUsersTests","GetUsersWithNotAllowedRole"
"When valid request with missing roles, PUT /api/v1/rooms/{id} returns 401.","197","When valid request with missing roles, PUT /api/v1/rooms/{id} returns 401 [3] user_creator_role=LECTURER","Controller tests","Sun Nov 23 22:39:56 UTC 2025","failed","Sun Nov 23 22:39:56 UTC 2025","PUT /api/v1/rooms/{id}","Room API Controller Tests","education.kub.backend.ce.domain.room.controller.RoomControllerTests$RoomsTests$RoomTests$UpdateRoomTests","UpdateRoomWithNotAllowedRole"
"When request with id url parameter for not existing user, POST /api/v1/users/{id}/resend returns 404.","172","When request with id url parameter for not existing user, POST /api/v1/users/{id}/resend returns 404","Controller tests","Sun Nov 23 22:40:19 UTC 2025","passed","Sun Nov 23 22:40:19 UTC 2025","POST /api/v1/users/{id}/resend","User API Controller Tests","education.kub.backend.ce.domain.user.controller.UserControllerTests$UsersTests$UserTests$ResendPasswordTests","ResendPasswordWithNonExistedUser"
"When request body with empty field, PUT /api/v1/users/{id} returns 422.","243","When request body with empty field, PUT /api/v1/users/{id} returns 422 [3] request_field=middle_name","Controller tests","Sun Nov 23 22:40:27 UTC 2025","failed","Sun Nov 23 22:40:27 UTC 2025","PUT /api/v1/users/{id}","User API Controller Tests","education.kub.backend.ce.domain.user.controller.UserControllerTests$UsersTests$UserTests$UpdateUserTests","UpdateUserWithEmptyRequestField"
"When request without body, POST /api/v1/rooms returns 400.","175","When request without body, POST /api/v1/rooms returns 400","Controller tests","Sun Nov 23 22:40:02 UTC 2025","failed","Sun Nov 23 22:40:03 UTC 2025","POST /api/v1/rooms","Room API Controller Tests","education.kub.backend.ce.domain.room.controller.RoomControllerTests$RoomsTests$CreateRoomTests","CreateRoomWithEmptyRequestBody"
"When request body with not lowercase email field, PUT /api/v1/users/{id} returns 422.","242","When request body with not lowercase email field, PUT /api/v1/users/{id} returns 422","Controller tests","Sun Nov 23 22:40:24 UTC 2025","failed","Sun Nov 23 22:40:24 UTC 2025","PUT /api/v1/users/{id}","User API Controller Tests","education.kub.backend.ce.domain.user.controller.UserControllerTests$UsersTests$UserTests$UpdateUserTests","CreateUserWithNonLowerCaseEmailField"
"When request is valid, POST /api/v1/account/recovery-password returns 204 and valid response.","83","When request is valid, POST /api/v1/account/recovery-password returns 204 and valid response","Controller tests","Sun Nov 23 22:40:09 UTC 2025","passed","Sun Nov 23 22:40:09 UTC 2025","POST /api/v1/account/recovery-password","Account API Controller Tests","education.kub.backend.ce.domain.user.controller.AccountControllerTests$PasswordRecoveryTests","RecoverPasswordSuccess"
"When request is valid, DELETE /api/v1/users/{id} returns 200.","213","When request is valid, DELETE /api/v1/users/{id} returns 200 [1] user_creator_role=ADMIN","Controller tests","Sun Nov 23 22:40:21 UTC 2025","passed","Sun Nov 23 22:40:21 UTC 2025","DELETE /api/v1/users/{id}","User API Controller Tests","education.kub.backend.ce.domain.user.controller.UserControllerTests$UsersTests$UserTests$DeleteUserTests","DeleteUserSuccessWithAllowedRole"
"When request is valid, GET /api/v1/users/{id} returns 200 and valid response.","175","When request is valid, GET /api/v1/users/{id} returns 200 and valid response [3] user_creator_role=ORGANIZER","Controller tests","Sun Nov 23 22:40:28 UTC 2025","passed","Sun Nov 23 22:40:29 UTC 2025","GET /api/v1/users/{id}","User API Controller Tests","education.kub.backend.ce.domain.user.controller.UserControllerTests$UsersTests$UserTests$GetUserTests","GetUserSuccessWithAllowedRoles"
"When valid request with missing roles, DELETE /api/v1/users/{id} returns 401.","180","When valid request with missing roles, DELETE /api/v1/users/{id} returns 401 [1] user_creator_role=USER","Controller tests","Sun Nov 23 22:40:22 UTC 2025","failed","Sun Nov 23 22:40:22 UTC 2025","DELETE /api/v1/users/{id}","User API Controller Tests","education.kub.backend.ce.domain.user.controller.UserControllerTests$UsersTests$UserTests$DeleteUserTests","DeleteUserWithNotAllowedRole"
"When request with id url parameter for not existing user, PUT /api/v1/users/{id} returns 404.","178","When request with id url parameter for not existing user, PUT /api/v1/users/{id} returns 404","Controller tests","Sun Nov 23 22:40:23 UTC 2025","passed","Sun Nov 23 22:40:23 UTC 2025","PUT /api/v1/users/{id}","User API Controller Tests","education.kub.backend.ce.domain.user.controller.UserControllerTests$UsersTests$UserTests$UpdateUserTests","UpdateUserWithNonExistedUser"
"When request without access token header, POST /api/v1/auth/logout returns 401.","94","When request without access token header, POST /api/v1/auth/logout returns 401","Controller tests","Sun Nov 23 22:40:07 UTC 2025","failed","Sun Nov 23 22:40:07 UTC 2025","POST /api/v1/auth/logout","Auth API Controller Tests","education.kub.backend.ce.domain.auth.controller.AuthControllerTests$LogoutTests","LogoutWithoutBearerToken"
"When request is valid, GET /api/v1/roles returns 200 and valid response.","196","When request is valid, GET /api/v1/roles returns 200 and valid response [3] user_creator_role=ORGANIZER","Controller tests","Sun Nov 23 22:40:14 UTC 2025","passed","Sun Nov 23 22:40:14 UTC 2025","GET /api/v1/roles","User API Controller Tests","education.kub.backend.ce.domain.user.controller.UserControllerTests$GetRolesTests","GetRolesSuccessWithAllowedRole"
"When request with id url parameter for not existing user, DELETE /api/v1/users/{id}/roles/{role-id} returns 404.","174","When request with id url parameter for not existing user, DELETE /api/v1/users/{id}/roles/{role-id} returns 404","Controller tests","Sun Nov 23 22:40:15 UTC 2025","passed","Sun Nov 23 22:40:15 UTC 2025","DELETE /api/v1/users/{id}/roles/{role-id}","User API Controller Tests","education.kub.backend.ce.domain.user.controller.UserControllerTests$UsersTests$UserTests$UserRoleTests$RemoveRoleTests","RemoveRoleWithNonExistedUser"
"When request body with invalid capacity field, PUT /api/v1/rooms/{id} returns 400.","187","When request body with invalid capacity field, PUT /api/v1/rooms/{id} returns 400","Controller tests","Sun Nov 23 22:39:58 UTC 2025","failed","Sun Nov 23 22:39:58 UTC 2025","PUT /api/v1/rooms/{id}","Room API Controller Tests","education.kub.backend.ce.domain.room.controller.RoomControllerTests$RoomsTests$RoomTests$UpdateRoomTests","UpdateRoomWithInvalidRequestBodyCapacityField"
"When request is valid, GET /api/v1/account/me returns 200 and valid response.","187","When request is valid, GET /api/v1/account/me returns 200 and valid response","Controller tests","Sun Nov 23 22:40:12 UTC 2025","passed","Sun Nov 23 22:40:12 UTC 2025","GET /api/v1/account/me","Account API Controller Tests","education.kub.backend.ce.domain.user.controller.AccountControllerTests$AccountMeTests","GetUserAccountInfoSuccess"
"When request body without email, POST /api/v1/auth/login returns 400.","191","When request body without email, POST /api/v1/auth/login returns 400","Controller tests","Sun Nov 23 22:40:08 UTC 2025","failed","Sun Nov 23 22:40:08 UTC 2025","POST /api/v1/auth/login","Auth API Controller Tests","education.kub.backend.ce.domain.auth.controller.AuthControllerTests$LoginTests","LoginWithoutEmail"
"When request body with capacity field value what exceeds max possible value (32767), PUT /api/v1/rooms/{id} returns 400.","204","When request body with capacity field value what exceeds max possible value (32767), PUT /api/v1/rooms/{id} returns 400","Controller tests","Sun Nov 23 22:39:54 UTC 2025","passed","Sun Nov 23 22:39:54 UTC 2025","PUT /api/v1/rooms/{id}","Room API Controller Tests","education.kub.backend.ce.domain.room.controller.RoomControllerTests$RoomsTests$RoomTests$UpdateRoomTests","UpdateRoomWithTooBigCapacityFieldValue"
"When valid request with missing roles, POST /api/v1/rooms returns 401.","177","When valid request with missing roles, POST /api/v1/rooms returns 401 [2] user_creator_role=STUDENT","Controller tests","Sun Nov 23 22:40:04 UTC 2025","failed","Sun Nov 23 22:40:04 UTC 2025","POST /api/v1/rooms","Room API Controller Tests","education.kub.backend.ce.domain.room.controller.RoomControllerTests$RoomsTests$CreateRoomTests","CreateRoomWithNotAllowedRole"
"When valid request with email field equal to another existing user, PUT /api/v1/users/{id} returns 409.","250","When valid request with email field equal to another existing user, PUT /api/v1/users/{id} returns 409","Controller tests","Sun Nov 23 22:40:23 UTC 2025","passed","Sun Nov 23 22:40:23 UTC 2025","PUT /api/v1/users/{id}","User API Controller Tests","education.kub.backend.ce.domain.user.controller.UserControllerTests$UsersTests$UserTests$UpdateUserTests","UpdateUserWithSameEmail"
"When request with invalid access token header, GET /api/v1/rooms returns 401.","85","When request with invalid access token header, GET /api/v1/rooms returns 401","Controller tests","Sun Nov 23 22:40:00 UTC 2025","passed","Sun Nov 23 22:40:00 UTC 2025","GET /api/v1/rooms","Room API Controller Tests","education.kub.backend.ce.domain.room.controller.RoomControllerTests$RoomsTests$GetRoomsTests","GetRoomsWithInvalidToken"
"When request is valid, DELETE /api/v1/users/{id}/roles/{role-id} returns 200.","178","When request is valid, DELETE /api/v1/users/{id}/roles/{role-id} returns 200 [1] user_creator_role=ADMIN","Controller tests","Sun Nov 23 22:40:16 UTC 2025","passed","Sun Nov 23 22:40:16 UTC 2025","DELETE /api/v1/users/{id}/roles/{role-id}","User API Controller Tests","education.kub.backend.ce.domain.user.controller.UserControllerTests$UsersTests$UserTests$UserRoleTests$RemoveRoleTests","RemoveRoleSuccessWithAllowedRole"
"When request is valid, PUT /api/v1/users/{id}/roles/{role-id} returns 200 and valid response.","192","When request is valid, PUT /api/v1/users/{id}/roles/{role-id} returns 200 and valid response [2] user_creator_role=SYSADMIN","Controller tests","Sun Nov 23 22:40:17 UTC 2025","passed","Sun Nov 23 22:40:17 UTC 2025","PUT /api/v1/users/{id}/roles/{role-id}","User API Controller Tests","education.kub.backend.ce.domain.user.controller.UserControllerTests$UsersTests$UserTests$UserRoleTests$AddRoleTests","AddRoleSuccessWithAllowedRole"
"When request is valid, POST /api/v1/users/{id}/resend returns 200 and valid response.","248","When request is valid, POST /api/v1/users/{id}/resend returns 200 and valid response [2] user_creator_role=SYSADMIN","Controller tests","Sun Nov 23 22:40:20 UTC 2025","passed","Sun Nov 23 22:40:21 UTC 2025","POST /api/v1/users/{id}/resend","User API Controller Tests","education.kub.backend.ce.domain.user.controller.UserControllerTests$UsersTests$UserTests$ResendPasswordTests","ResendPasswordSuccessWithAllowedRole"
"When request body without optional field, PUT /api/v1/rooms/{id} returns 200.","196","When request body without optional field, PUT /api/v1/rooms/{id} returns 200 [2] request_field=capacity","Controller tests","Sun Nov 23 22:39:58 UTC 2025","passed","Sun Nov 23 22:39:58 UTC 2025","PUT /api/v1/rooms/{id}","Room API Controller Tests","education.kub.backend.ce.domain.room.controller.RoomControllerTests$RoomsTests$RoomTests$UpdateRoomTests","UpdateRoomSuccessWithoutOptionalRequestField"
"When request with invalid access token header, GET /api/v1/users returns 401.","77","When request with invalid access token header, GET /api/v1/users returns 401","Controller tests","Sun Nov 23 22:40:29 UTC 2025","passed","Sun Nov 23 22:40:29 UTC 2025","GET /api/v1/users","User API Controller Tests","education.kub.backend.ce.domain.user.controller.UserControllerTests$UsersTests$GetUsersTests","GetUsersWithInvalidToken"
"When valid request with missing roles, GET /api/v1/rooms/{id} returns 401.","185","When valid request with missing roles, GET /api/v1/rooms/{id} returns 401 [4] user_creator_role=ORGANIZER","Controller tests","Sun Nov 23 22:39:59 UTC 2025","failed","Sun Nov 23 22:40:00 UTC 2025","GET /api/v1/rooms/{id}","Room API Controller Tests","education.kub.backend.ce.domain.room.controller.RoomControllerTests$RoomsTests$RoomTests$GetRoomTests","GetRoomWithNotAllowedRole"
"When request is valid, POST /api/v1/users returns 201 and valid response.","242","When request is valid, POST /api/v1/users returns 201 and valid response [2] user_creator_role=SYSADMIN","Controller tests","Sun Nov 23 22:40:34 UTC 2025","passed","Sun Nov 23 22:40:34 UTC 2025","POST /api/v1/users","User API Controller Tests","education.kub.backend.ce.domain.user.controller.UserControllerTests$UsersTests$CreateUserTests","CreateUserSuccessWithAllowedRoles"
"When request body without required field, POST /api/v1/rooms returns 400.","181","When request body without required field, POST /api/v1/rooms returns 400 [1] request_field=location","Controller tests","Sun Nov 23 22:40:03 UTC 2025","failed","Sun Nov 23 22:40:03 UTC 2025","POST /api/v1/rooms","Room API Controller Tests","education.kub.backend.ce.domain.room.controller.RoomControllerTests$RoomsTests$CreateRoomTests","CreateRoomWithoutRequestField"
"When request body without required field, PUT /api/v1/users/{id} returns 400.","242","When request body without required field, PUT /api/v1/users/{id} returns 400 [2] request_field=last_name","Controller tests","Sun Nov 23 22:40:25 UTC 2025","failed","Sun Nov 23 22:40:25 UTC 2025","PUT /api/v1/users/{id}","User API Controller Tests","education.kub.backend.ce.domain.user.controller.UserControllerTests$UsersTests$UserTests$UpdateUserTests","UpdateUserWithoutRequestField"
"When valid request with missing roles, DELETE /api/v1/rooms/{id} returns 401.","2367","When valid request with missing roles, DELETE /api/v1/rooms/{id} returns 401 [1] user_creator_role=USER","Controller tests","Sun Nov 23 22:39:49 UTC 2025","failed","Sun Nov 23 22:39:52 UTC 2025","DELETE /api/v1/rooms/{id}","Room API Controller Tests","education.kub.backend.ce.domain.room.controller.RoomControllerTests$RoomsTests$RoomTests$DeleteRoomTests","DeleteRoomWithNotAllowedRole"
"When request body with empty field, PUT /api/v1/users/{id} returns 422.","244","When request body with empty field, PUT /api/v1/users/{id} returns 422 [2] request_field=last_name","Controller tests","Sun Nov 23 22:40:26 UTC 2025","failed","Sun Nov 23 22:40:27 UTC 2025","PUT /api/v1/users/{id}","User API Controller Tests","education.kub.backend.ce.domain.user.controller.UserControllerTests$UsersTests$UserTests$UpdateUserTests","UpdateUserWithEmptyRequestField"
"When request without access token header, DELETE /api/v1/users/{id} returns 401.","80","When request without access token header, DELETE /api/v1/users/{id} returns 401","Controller tests","Sun Nov 23 22:40:21 UTC 2025","failed","Sun Nov 23 22:40:21 UTC 2025","DELETE /api/v1/users/{id}","User API Controller Tests","education.kub.backend.ce.domain.user.controller.UserControllerTests$UsersTests$UserTests$DeleteUserTests","DeleteUserWithoutToken"
"When valid request with missing roles, GET /api/v1/roles returns 401.","196","When valid request with missing roles, GET /api/v1/roles returns 401 [3] user_creator_role=LECTURER","Controller tests","Sun Nov 23 22:40:15 UTC 2025","failed","Sun Nov 23 22:40:15 UTC 2025","GET /api/v1/roles","User API Controller Tests","education.kub.backend.ce.domain.user.controller.UserControllerTests$GetRolesTests","GetRolesWithNotAllowedRole"
"When request with role url parameter for not existing user, DELETE /api/v1/users/{id}/roles/{role-id} returns 404.","181","When request with role url parameter for not existing user, DELETE /api/v1/users/{id}/roles/{role-id} returns 404","Controller tests","Sun Nov 23 22:40:15 UTC 2025","passed","Sun Nov 23 22:40:15 UTC 2025","DELETE /api/v1/users/{id}/roles/{role-id}","User API Controller Tests","education.kub.backend.ce.domain.user.controller.UserControllerTests$UsersTests$UserTests$UserRoleTests$RemoveRoleTests","RemoveRoleWithNonExistedRole"
"When valid request with missing roles, PUT /api/v1/rooms/{id} returns 401.","191","When valid request with missing roles, PUT /api/v1/rooms/{id} returns 401 [4] user_creator_role=ORGANIZER","Controller tests","Sun Nov 23 22:39:56 UTC 2025","failed","Sun Nov 23 22:39:56 UTC 2025","PUT /api/v1/rooms/{id}","Room API Controller Tests","education.kub.backend.ce.domain.room.controller.RoomControllerTests$RoomsTests$RoomTests$UpdateRoomTests","UpdateRoomWithNotAllowedRole"
"When valid request with missing roles, GET /api/v1/roles returns 401.","177","When valid request with missing roles, GET /api/v1/roles returns 401 [1] user_creator_role=USER","Controller tests","Sun Nov 23 22:40:14 UTC 2025","failed","Sun Nov 23 22:40:14 UTC 2025","GET /api/v1/roles","User API Controller Tests","education.kub.backend.ce.domain.user.controller.UserControllerTests$GetRolesTests","GetRolesWithNotAllowedRole"
"When request without access token header, GET /api/v1/account/me returns 401.","90","When request without access token header, GET /api/v1/account/me returns 401","Controller tests","Sun Nov 23 22:40:12 UTC 2025","failed","Sun Nov 23 22:40:12 UTC 2025","GET /api/v1/account/me","Account API Controller Tests","education.kub.backend.ce.domain.user.controller.AccountControllerTests$AccountMeTests","GetUserAccountInfoWithoutToken"
"When valid request body without description field, PUT /api/v1/rooms/{id} returns 201 and valid response.","326","When valid request body without description field, PUT /api/v1/rooms/{id} returns 201 and valid response","Controller tests","Sun Nov 23 22:39:57 UTC 2025","passed","Sun Nov 23 22:39:57 UTC 2025","PUT /api/v1/rooms/{id}","Room API Controller Tests","education.kub.backend.ce.domain.room.controller.RoomControllerTests$RoomsTests$RoomTests$UpdateRoomTests","UpdateRoomSuccessOnRoomWithoutDescription"
"When request with empty body, POST /api/v1/account/recovery-password returns 400.","83","When request with empty body, POST /api/v1/account/recovery-password returns 400","Controller tests","Sun Nov 23 22:40:09 UTC 2025","failed","Sun Nov 23 22:40:09 UTC 2025","POST /api/v1/account/recovery-password","Account API Controller Tests","education.kub.backend.ce.domain.user.controller.AccountControllerTests$PasswordRecoveryTests","RecoverPasswordWithEmptyBody"
"When request is valid, POST /api/v1/auth/refresh returns 200.","257","When request is valid, POST /api/v1/auth/refresh returns 200","Controller tests","Sun Nov 23 22:40:06 UTC 2025","passed","Sun Nov 23 22:40:07 UTC 2025","POST /api/v1/auth/refresh","Auth API Controller Tests","education.kub.backend.ce.domain.auth.controller.AuthControllerTests$RefreshTests","RefreshSuccess"
"When valid request with missing roles, POST /api/v1/users returns 401.","168","When valid request with missing roles, POST /api/v1/users returns 401 [1] user_creator_role=USER","Controller tests","Sun Nov 23 22:40:33 UTC 2025","failed","Sun Nov 23 22:40:33 UTC 2025","POST /api/v1/users","User API Controller Tests","education.kub.backend.ce.domain.user.controller.UserControllerTests$UsersTests$CreateUserTests","CreateUserWithNotAllowedRole"
"When request without access token header, POST /api/v1/users returns 401.","79","When request without access token header, POST /api/v1/users returns 401","Controller tests","Sun Nov 23 22:40:33 UTC 2025","failed","Sun Nov 23 22:40:33 UTC 2025","POST /api/v1/users","User API Controller Tests","education.kub.backend.ce.domain.user.controller.UserControllerTests$UsersTests$CreateUserTests","CreateUserWithoutToken"
"When request body with empty email, POST /api/v1/account/recovery-password returns 422.","91","When request body with empty email, POST /api/v1/account/recovery-password returns 422","Controller tests","Sun Nov 23 22:40:09 UTC 2025","failed","Sun Nov 23 22:40:09 UTC 2025","POST /api/v1/account/recovery-password","Account API Controller Tests","education.kub.backend.ce.domain.user.controller.AccountControllerTests$PasswordRecoveryTests","RecoverPasswordWithEmptyEmail"
"When request is valid, PUT /api/v1/users/{id} returns 200 and valid response.","244","When request is valid, PUT /api/v1/users/{id} returns 200 and valid response [2] user_creator_role=SYSADMIN","Controller tests","Sun Nov 23 22:40:26 UTC 2025","passed","Sun Nov 23 22:40:26 UTC 2025","PUT /api/v1/users/{id}","User API Controller Tests","education.kub.backend.ce.domain.user.controller.UserControllerTests$UsersTests$UserTests$UpdateUserTests","UpdateUserSuccessWithAllowedRoles"
"When request is valid, DELETE /api/v1/users/{id} returns 200.","173","When request is valid, DELETE /api/v1/users/{id} returns 200 [2] user_creator_role=SYSADMIN","Controller tests","Sun Nov 23 22:40:21 UTC 2025","passed","Sun Nov 23 22:40:22 UTC 2025","DELETE /api/v1/users/{id}","User API Controller Tests","education.kub.backend.ce.domain.user.controller.UserControllerTests$UsersTests$UserTests$DeleteUserTests","DeleteUserSuccessWithAllowedRole"
"When request body with zero capacity field value, POST /api/v1/rooms returns 422.","178","When request body with zero capacity field value, POST /api/v1/rooms returns 422","Controller tests","Sun Nov 23 22:40:03 UTC 2025","failed","Sun Nov 23 22:40:03 UTC 2025","POST /api/v1/rooms","Room API Controller Tests","education.kub.backend.ce.domain.room.controller.RoomControllerTests$RoomsTests$CreateRoomTests","CreateRoomWithZeroCapacityFieldValue"
"When valid request with missing roles, GET /api/v1/roles returns 401.","178","When valid request with missing roles, GET /api/v1/roles returns 401 [2] user_creator_role=STUDENT","Controller tests","Sun Nov 23 22:40:14 UTC 2025","failed","Sun Nov 23 22:40:15 UTC 2025","GET /api/v1/roles","User API Controller Tests","education.kub.backend.ce.domain.user.controller.UserControllerTests$GetRolesTests","GetRolesWithNotAllowedRole"
"When valid request body with unnecessary field, PUT /api/v1/users/{id} returns 400.","243","When valid request body with unnecessary field, PUT /api/v1/users/{id} returns 400","Controller tests","Sun Nov 23 22:40:23 UTC 2025","failed","Sun Nov 23 22:40:23 UTC 2025","PUT /api/v1/users/{id}","User API Controller Tests","education.kub.backend.ce.domain.user.controller.UserControllerTests$UsersTests$UserTests$UpdateUserTests","UpdateUserWithAdditionalRequestField"
"When request is valid, POST /api/v1/auth/login returns 200 and valid response.","174","When request is valid, POST /api/v1/auth/login returns 200 and valid response","Controller tests","Sun Nov 23 22:40:08 UTC 2025","passed","Sun Nov 23 22:40:08 UTC 2025","POST /api/v1/auth/login","Auth API Controller Tests","education.kub.backend.ce.domain.auth.controller.AuthControllerTests$LoginTests","LoginSuccess"
"When request body without required field, POST /api/v1/rooms returns 400.","181","When request body without required field, POST /api/v1/rooms returns 400 [2] request_field=capacity","Controller tests","Sun Nov 23 22:40:03 UTC 2025","failed","Sun Nov 23 22:40:04 UTC 2025","POST /api/v1/rooms","Room API Controller Tests","education.kub.backend.ce.domain.room.controller.RoomControllerTests$RoomsTests$CreateRoomTests","CreateRoomWithoutRequestField"
"When request without access token header, POST /api/v1/rooms returns 401.","89","When request without access token header, POST /api/v1/rooms returns 401","Controller tests","Sun Nov 23 22:40:04 UTC 2025","failed","Sun Nov 23 22:40:04 UTC 2025","POST /api/v1/rooms","Room API Controller Tests","education.kub.backend.ce.domain.room.controller.RoomControllerTests$RoomsTests$CreateRoomTests","CreateUserWithoutToken"
"When valid request with missing roles, GET /api/v1/rooms returns 401.","185","When valid request with missing roles, GET /api/v1/rooms returns 401 [2] user_creator_role=STUDENT","Controller tests","Sun Nov 23 22:40:01 UTC 2025","failed","Sun Nov 23 22:40:01 UTC 2025","GET /api/v1/rooms","Room API Controller Tests","education.kub.backend.ce.domain.room.controller.RoomControllerTests$RoomsTests$GetRoomsTests","GetRoomsWithNotAllowedRole"
"When request body with empty field, PUT /api/v1/rooms/{id} returns 422.","193","When request body with empty field, PUT /api/v1/rooms/{id} returns 422 [2] request_field=capacity","Controller tests","Sun Nov 23 22:39:57 UTC 2025","failed","Sun Nov 23 22:39:57 UTC 2025","PUT /api/v1/rooms/{id}","Room API Controller Tests","education.kub.backend.ce.domain.room.controller.RoomControllerTests$RoomsTests$RoomTests$UpdateRoomTests","UpdateRoomWithEmptyRequestField"
"When request body with empty field, POST /api/v1/users returns 422.","243","When request body with empty field, POST /api/v1/users returns 422 [3] request_field=middle_name","Controller tests","Sun Nov 23 22:40:31 UTC 2025","failed","Sun Nov 23 22:40:32 UTC 2025","POST /api/v1/users","User API Controller Tests","education.kub.backend.ce.domain.user.controller.UserControllerTests$UsersTests$CreateUserTests","CreateUserWithEmptyRequestField"
"When request with invalid access token header, DELETE /api/v1/rooms/{id} returns 401.","91","When request with invalid access token header, DELETE /api/v1/rooms/{id} returns 401","Controller tests","Sun Nov 23 22:39:53 UTC 2025","passed","Sun Nov 23 22:39:53 UTC 2025","DELETE /api/v1/rooms/{id}","Room API Controller Tests","education.kub.backend.ce.domain.room.controller.RoomControllerTests$RoomsTests$RoomTests$DeleteRoomTests","DeleteRoomWithInvalidToken"
"When request is valid, DELETE /api/v1/users/{id}/roles/{role-id} returns 200.","193","When request is valid, DELETE /api/v1/users/{id}/roles/{role-id} returns 200 [2] user_creator_role=SYSADMIN","Controller tests","Sun Nov 23 22:40:16 UTC 2025","passed","Sun Nov 23 22:40:17 UTC 2025","DELETE /api/v1/users/{id}/roles/{role-id}","User API Controller Tests","education.kub.backend.ce.domain.user.controller.UserControllerTests$UsersTests$UserTests$UserRoleTests$RemoveRoleTests","RemoveRoleSuccessWithAllowedRole"
"When request is valid, GET /api/v1/users/{id} returns 200 and valid response.","184","When request is valid, GET /api/v1/users/{id} returns 200 and valid response [2] user_creator_role=SYSADMIN","Controller tests","Sun Nov 23 22:40:28 UTC 2025","passed","Sun Nov 23 22:40:28 UTC 2025","GET /api/v1/users/{id}","User API Controller Tests","education.kub.backend.ce.domain.user.controller.UserControllerTests$UsersTests$UserTests$GetUserTests","GetUserSuccessWithAllowedRoles"
"When request with empty body, POST /api/v1/account/change-password returns 400.","185","When request with empty body, POST /api/v1/account/change-password returns 400","Controller tests","Sun Nov 23 22:40:10 UTC 2025","failed","Sun Nov 23 22:40:10 UTC 2025","POST /api/v1/account/change-password","Account API Controller Tests","education.kub.backend.ce.domain.user.controller.AccountControllerTests$ChangePasswordTests","ChangePasswordWithEmptyBody"
"When request is valid, GET /api/v1/rooms returns 200 and valid response.","215","When request is valid, GET /api/v1/rooms returns 200 and valid response","Controller tests","Sun Nov 23 22:40:00 UTC 2025","passed","Sun Nov 23 22:40:00 UTC 2025","GET /api/v1/rooms","Room API Controller Tests","education.kub.backend.ce.domain.room.controller.RoomControllerTests$RoomsTests$GetRoomsTests","GetRoomsSuccessWithAllowedRole"
"When valid request body with unnecessary field, PUT /api/v1/rooms/{id} returns 400.","200","When valid request body with unnecessary field, PUT /api/v1/rooms/{id} returns 400","Controller tests","Sun Nov 23 22:39:57 UTC 2025","failed","Sun Nov 23 22:39:58 UTC 2025","PUT /api/v1/rooms/{id}","Room API Controller Tests","education.kub.backend.ce.domain.room.controller.RoomControllerTests$RoomsTests$RoomTests$UpdateRoomTests","UpdateRoomWithAdditionalRequestField"
"When request body without optional field, PUT /api/v1/rooms/{id} returns 200.","206","When request body without optional field, PUT /api/v1/rooms/{id} returns 200 [1] request_field=location","Controller tests","Sun Nov 23 22:39:58 UTC 2025","passed","Sun Nov 23 22:39:58 UTC 2025","PUT /api/v1/rooms/{id}","Room API Controller Tests","education.kub.backend.ce.domain.room.controller.RoomControllerTests$RoomsTests$RoomTests$UpdateRoomTests","UpdateRoomSuccessWithoutOptionalRequestField"
"When valid request with missing roles, DELETE /api/v1/users/{id}/roles/{role-id} returns 401.","174","When valid request with missing roles, DELETE /api/v1/users/{id}/roles/{role-id} returns 401 [2] user_creator_role=STUDENT","Controller tests","Sun Nov 23 22:40:16 UTC 2025","failed","Sun Nov 23 22:40:16 UTC 2025","DELETE /api/v1/users/{id}/roles/{role-id}","User API Controller Tests","education.kub.backend.ce.domain.user.controller.UserControllerTests$UsersTests$UserTests$UserRoleTests$RemoveRoleTests","RemoveRoleWithNotAllowedRole"
"When request without body, PUT /api/v1/users/{id} returns 400.","169","When request without body, PUT /api/v1/users/{id} returns 400","Controller tests","Sun Nov 23 22:40:24 UTC 2025","failed","Sun Nov 23 22:40:24 UTC 2025","PUT /api/v1/users/{id}","User API Controller Tests","education.kub.backend.ce.domain.user.controller.UserControllerTests$UsersTests$UserTests$UpdateUserTests","UpdateUserWithEmptyRequest"
"When request without body, PUT /api/v1/rooms/{id} returns 400.","191","When request without body, PUT /api/v1/rooms/{id} returns 400","Controller tests","Sun Nov 23 22:39:55 UTC 2025","failed","Sun Nov 23 22:39:56 UTC 2025","PUT /api/v1/rooms/{id}","Room API Controller Tests","education.kub.backend.ce.domain.room.controller.RoomControllerTests$RoomsTests$RoomTests$UpdateRoomTests","UpdateRoomWithEmptyRequestBody"
"When request with invalid access token header, GET /api/v1/roles returns 401.","89","When request with invalid access token header, GET /api/v1/roles returns 401","Controller tests","Sun Nov 23 22:40:14 UTC 2025","passed","Sun Nov 23 22:40:14 UTC 2025","GET /api/v1/roles","User API Controller Tests","education.kub.backend.ce.domain.user.controller.UserControllerTests$GetRolesTests","GetRolesWithInvalidToken"
"When request is valid, GET /api/v1/rooms/{id} returns 200 and valid response.","187","When request is valid, GET /api/v1/rooms/{id} returns 200 and valid response","Controller tests","Sun Nov 23 22:39:58 UTC 2025","passed","Sun Nov 23 22:39:59 UTC 2025","GET /api/v1/rooms/{id}","Room API Controller Tests","education.kub.backend.ce.domain.room.controller.RoomControllerTests$RoomsTests$RoomTests$GetRoomTests","GetRoomSuccessWithAllowedRole"
"When request without body, POST /api/v1/users returns 400.","245","When request without body, POST /api/v1/users returns 400","Controller tests","Sun Nov 23 22:40:30 UTC 2025","failed","Sun Nov 23 22:40:30 UTC 2025","POST /api/v1/users","User API Controller Tests","education.kub.backend.ce.domain.user.controller.UserControllerTests$UsersTests$CreateUserTests","CreateUserWithEmptyRequest"
"When request with role url parameter for not existing user, PUT /api/v1/users/{id}/roles/{role-id} returns 404.","173","When request with role url parameter for not existing user, PUT /api/v1/users/{id}/roles/{role-id} returns 404","Controller tests","Sun Nov 23 22:40:18 UTC 2025","passed","Sun Nov 23 22:40:18 UTC 2025","PUT /api/v1/users/{id}/roles/{role-id}","User API Controller Tests","education.kub.backend.ce.domain.user.controller.UserControllerTests$UsersTests$UserTests$UserRoleTests$AddRoleTests","AddRoleWithNonExistedRole"
"When valid request with missing roles, PUT /api/v1/users/{id}/roles/{role-id} returns 401.","172","When valid request with missing roles, PUT /api/v1/users/{id}/roles/{role-id} returns 401 [1] user_creator_role=USER","Controller tests","Sun Nov 23 22:40:18 UTC 2025","failed","Sun Nov 23 22:40:18 UTC 2025","PUT /api/v1/users/{id}/roles/{role-id}","User API Controller Tests","education.kub.backend.ce.domain.user.controller.UserControllerTests$UsersTests$UserTests$UserRoleTests$AddRoleTests","AddRoleWithNotAllowedRole"
"When request body with invalid capacity field, PUT /api/v1/rooms/{id} returns 400.","173","When request body with invalid capacity field, PUT /api/v1/rooms/{id} returns 400","Controller tests","Sun Nov 23 22:40:02 UTC 2025","passed","Sun Nov 23 22:40:02 UTC 2025","POST /api/v1/rooms","Room API Controller Tests","education.kub.backend.ce.domain.room.controller.RoomControllerTests$RoomsTests$CreateRoomTests","CreateRoomWithInvalidRequestBodyCapacityField"
"When request with invalid access token header, PUT /api/v1/rooms/{id} returns 401.","80","When request with invalid access token header, PUT /api/v1/rooms/{id} returns 401","Controller tests","Sun Nov 23 22:39:55 UTC 2025","passed","Sun Nov 23 22:39:55 UTC 2025","PUT /api/v1/rooms/{id}","Room API Controller Tests","education.kub.backend.ce.domain.room.controller.RoomControllerTests$RoomsTests$RoomTests$UpdateRoomTests","UpdateRoomWithInvalidToken"
"When valid request body with unnecessary field, POST /api/v1/users returns 400.","240","When valid request body with unnecessary field, POST /api/v1/users returns 400","Controller tests","Sun Nov 23 22:40:34 UTC 2025","failed","Sun Nov 23 22:40:35 UTC 2025","POST /api/v1/users","User API Controller Tests","education.kub.backend.ce.domain.user.controller.UserControllerTests$UsersTests$CreateUserTests","CreateUserWithAdditionalRequestField"
"When request with invalid access token header, POST /api/v1/account/change-password returns 401.","85","When request with invalid access token header, POST /api/v1/account/change-password returns 401","Controller tests","Sun Nov 23 22:40:11 UTC 2025","passed","Sun Nov 23 22:40:11 UTC 2025","POST /api/v1/account/change-password","Account API Controller Tests","education.kub.backend.ce.domain.user.controller.AccountControllerTests$ChangePasswordTests","ChangePasswordWithInvalidToken"
"When request is valid, GET /api/v1/roles returns 200 and valid response.","215","When request is valid, GET /api/v1/roles returns 200 and valid response [1] user_creator_role=ADMIN","Controller tests","Sun Nov 23 22:40:14 UTC 2025","passed","Sun Nov 23 22:40:14 UTC 2025","GET /api/v1/roles","User API Controller Tests","education.kub.backend.ce.domain.user.controller.UserControllerTests$GetRolesTests","GetRolesSuccessWithAllowedRole"
"When request with invalid user id url parameter, DELETE /api/v1/users/{id}/roles/{role-id} returns 400.","172","When request with invalid user id url parameter, DELETE /api/v1/users/{id}/roles/{role-id} returns 400","Controller tests","Sun Nov 23 22:40:16 UTC 2025","passed","Sun Nov 23 22:40:16 UTC 2025","DELETE /api/v1/users/{id}/roles/{role-id}","User API Controller Tests","education.kub.backend.ce.domain.user.controller.UserControllerTests$UsersTests$UserTests$UserRoleTests$RemoveRoleTests","RemoveRoleWithInvalidUserIdUrlParameter"
"When request with empty refresh token header, POST /api/v1/auth/refresh returns 401.","95","When request with empty refresh token header, POST /api/v1/auth/refresh returns 401","Controller tests","Sun Nov 23 22:40:07 UTC 2025","failed","Sun Nov 23 22:40:07 UTC 2025","POST /api/v1/auth/refresh","Auth API Controller Tests","education.kub.backend.ce.domain.auth.controller.AuthControllerTests$RefreshTests","RefreshWithEmptyRefreshToken"
"When request without access token header, GET /api/v1/users/{id} returns 401.","79","When request without access token header, GET /api/v1/users/{id} returns 401","Controller tests","Sun Nov 23 22:40:29 UTC 2025","failed","Sun Nov 23 22:40:29 UTC 2025","GET /api/v1/users/{id}","User API Controller Tests","education.kub.backend.ce.domain.user.controller.UserControllerTests$UsersTests$UserTests$GetUserTests","GetUserWithoutToken"
"When valid request with missing roles, DELETE /api/v1/rooms/{id} returns 401.","271","When valid request with missing roles, DELETE /api/v1/rooms/{id} returns 401 [2] user_creator_role=STUDENT","Controller tests","Sun Nov 23 22:39:52 UTC 2025","failed","Sun Nov 23 22:39:52 UTC 2025","DELETE /api/v1/rooms/{id}","Room API Controller Tests","education.kub.backend.ce.domain.room.controller.RoomControllerTests$RoomsTests$RoomTests$DeleteRoomTests","DeleteRoomWithNotAllowedRole"
"When request with invalid refresh token header, POST /api/v1/auth/refresh returns 401.","107","When request with invalid refresh token header, POST /api/v1/auth/refresh returns 401","Controller tests","Sun Nov 23 22:40:07 UTC 2025","failed","Sun Nov 23 22:40:07 UTC 2025","POST /api/v1/auth/refresh","Auth API Controller Tests","education.kub.backend.ce.domain.auth.controller.AuthControllerTests$RefreshTests","RefreshWithInvalidRefreshToken"
"When request body without required field, PUT /api/v1/users/{id} returns 400.","169","When request body without required field, PUT /api/v1/users/{id} returns 400 [4] request_field=email","Controller tests","Sun Nov 23 22:40:25 UTC 2025","failed","Sun Nov 23 22:40:26 UTC 2025","PUT /api/v1/users/{id}","User API Controller Tests","education.kub.backend.ce.domain.user.controller.UserControllerTests$UsersTests$UserTests$UpdateUserTests","UpdateUserWithoutRequestField"
"When valid request with missing roles, DELETE /api/v1/rooms/{id} returns 401.","209","When valid request with missing roles, DELETE /api/v1/rooms/{id} returns 401 [5] user_creator_role=SYSADMIN","Controller tests","Sun Nov 23 22:39:53 UTC 2025","failed","Sun Nov 23 22:39:53 UTC 2025","DELETE /api/v1/rooms/{id}","Room API Controller Tests","education.kub.backend.ce.domain.room.controller.RoomControllerTests$RoomsTests$RoomTests$DeleteRoomTests","DeleteRoomWithNotAllowedRole"
"When valid request with missing roles, DELETE /api/v1/users/{id}/roles/{role-id} returns 401.","172","When valid request with missing roles, DELETE /api/v1/users/{id}/roles/{role-id} returns 401 [1] user_creator_role=USER","Controller tests","Sun Nov 23 22:40:15 UTC 2025","failed","Sun Nov 23 22:40:16 UTC 2025","DELETE /api/v1/users/{id}/roles/{role-id}","User API Controller Tests","education.kub.backend.ce.domain.user.controller.UserControllerTests$UsersTests$UserTests$UserRoleTests$RemoveRoleTests","RemoveRoleWithNotAllowedRole"
"When valid request with missing roles, GET /api/v1/rooms returns 401.","203","When valid request with missing roles, GET /api/v1/rooms returns 401 [4] user_creator_role=ORGANIZER","Controller tests","Sun Nov 23 22:40:01 UTC 2025","failed","Sun Nov 23 22:40:01 UTC 2025","GET /api/v1/rooms","Room API Controller Tests","education.kub.backend.ce.domain.room.controller.RoomControllerTests$RoomsTests$GetRoomsTests","GetRoomsWithNotAllowedRole"
"When request without body, POST /api/v1/auth/refresh returns 400.","213","When request without body, POST /api/v1/auth/refresh returns 400","Controller tests","Sun Nov 23 22:40:07 UTC 2025","passed","Sun Nov 23 22:40:07 UTC 2025","POST /api/v1/auth/refresh","Auth API Controller Tests","education.kub.backend.ce.domain.auth.controller.AuthControllerTests$RefreshTests","RefreshWithoutBody"
"When request body with empty field, POST /api/v1/rooms returns 422.","178","When request body with empty field, POST /api/v1/rooms returns 422 [1] request_field=location","Controller tests","Sun Nov 23 22:40:02 UTC 2025","failed","Sun Nov 23 22:40:02 UTC 2025","POST /api/v1/rooms","Room API Controller Tests","education.kub.backend.ce.domain.room.controller.RoomControllerTests$RoomsTests$CreateRoomTests","CreateRoomWithEmptyRequestField"
"When request body with empty field, PUT /api/v1/users/{id} returns 422.","246","When request body with empty field, PUT /api/v1/users/{id} returns 422 [4] request_field=email","Controller tests","Sun Nov 23 22:40:27 UTC 2025","failed","Sun Nov 23 22:40:27 UTC 2025","PUT /api/v1/users/{id}","User API Controller Tests","education.kub.backend.ce.domain.user.controller.UserControllerTests$UsersTests$UserTests$UpdateUserTests","UpdateUserWithEmptyRequestField"
"When request body without required field, PUT /api/v1/users/{id} returns 400.","243","When request body without required field, PUT /api/v1/users/{id} returns 400 [3] request_field=middle_name","Controller tests","Sun Nov 23 22:40:25 UTC 2025","failed","Sun Nov 23 22:40:25 UTC 2025","PUT /api/v1/users/{id}","User API Controller Tests","education.kub.backend.ce.domain.user.controller.UserControllerTests$UsersTests$UserTests$UpdateUserTests","UpdateUserWithoutRequestField"
"When valid request with missing roles, GET /api/v1/users returns 401.","169","When valid request with missing roles, GET /api/v1/users returns 401 [3] user_creator_role=LECTURER","Controller tests","Sun Nov 23 22:40:30 UTC 2025","failed","Sun Nov 23 22:40:30 UTC 2025","GET /api/v1/users","User API Controller Tests","education.kub.backend.ce.domain.user.controller.UserControllerTests$UsersTests$GetUsersTests","GetUsersWithNotAllowedRole"
"When request with invalid room id url parameter, DELETE /api/v1/rooms/{id} returns 400.","204","When request with invalid room id url parameter, DELETE /api/v1/rooms/{id} returns 400","Controller tests","Sun Nov 23 22:39:53 UTC 2025","passed","Sun Nov 23 22:39:53 UTC 2025","DELETE /api/v1/rooms/{id}","Room API Controller Tests","education.kub.backend.ce.domain.room.controller.RoomControllerTests$RoomsTests$RoomTests$DeleteRoomTests","DeleteRoomWithInvalidIdUrlParameter"
"When request with invalid id url parameter, GET /api/v1/rooms/{id} returns 400.","185","When request with invalid id url parameter, GET /api/v1/rooms/{id} returns 400","Controller tests","Sun Nov 23 22:39:58 UTC 2025","passed","Sun Nov 23 22:39:58 UTC 2025","GET /api/v1/rooms/{id}","Room API Controller Tests","education.kub.backend.ce.domain.room.controller.RoomControllerTests$RoomsTests$RoomTests$GetRoomTests","GetRoomWithInvalidIdUrlParameter"
"When valid request with missing roles, DELETE /api/v1/rooms/{id} returns 401.","216","When valid request with missing roles, DELETE /api/v1/rooms/{id} returns 401 [4] user_creator_role=ORGANIZER","Controller tests","Sun Nov 23 22:39:53 UTC 2025","failed","Sun Nov 23 22:39:53 UTC 2025","DELETE /api/v1/rooms/{id}","Room API Controller Tests","education.kub.backend.ce.domain.room.controller.RoomControllerTests$RoomsTests$RoomTests$DeleteRoomTests","DeleteRoomWithNotAllowedRole"
"When valid request with missing roles, PUT /api/v1/rooms/{id} returns 401.","192","When valid request with missing roles, PUT /api/v1/rooms/{id} returns 401 [1] user_creator_role=USER","Controller tests","Sun Nov 23 22:39:56 UTC 2025","failed","Sun Nov 23 22:39:56 UTC 2025","PUT /api/v1/rooms/{id}","Room API Controller Tests","education.kub.backend.ce.domain.room.controller.RoomControllerTests$RoomsTests$RoomTests$UpdateRoomTests","UpdateRoomWithNotAllowedRole"
"When request without access token header, GET /api/v1/rooms returns 401.","81","When request without access token header, GET /api/v1/rooms returns 401","Controller tests","Sun Nov 23 22:40:00 UTC 2025","failed","Sun Nov 23 22:40:00 UTC 2025","GET /api/v1/rooms","Room API Controller Tests","education.kub.backend.ce.domain.room.controller.RoomControllerTests$RoomsTests$GetRoomsTests","GetRoomsWithoutToken"
"When request body with not lowercase email field, POST /api/v1/users returns 422.","242","When request body with not lowercase email field, POST /api/v1/users returns 422","Controller tests","Sun Nov 23 22:40:31 UTC 2025","failed","Sun Nov 23 22:40:31 UTC 2025","POST /api/v1/users","User API Controller Tests","education.kub.backend.ce.domain.user.controller.UserControllerTests$UsersTests$CreateUserTests","CreateUserWithNonLowerCaseEmailField"
"When request body with invalid email, POST /api/v1/account/recovery-password returns 422.","81","When request body with invalid email, POST /api/v1/account/recovery-password returns 422","Controller tests","Sun Nov 23 22:40:09 UTC 2025","failed","Sun Nov 23 22:40:10 UTC 2025","POST /api/v1/account/recovery-password","Account API Controller Tests","education.kub.backend.ce.domain.user.controller.AccountControllerTests$PasswordRecoveryTests","RecoverPasswordWithInvalidEmail"
"When valid request with missing roles, POST /api/v1/users returns 401.","174","When valid request with missing roles, POST /api/v1/users returns 401 [3] user_creator_role=LECTURER","Controller tests","Sun Nov 23 22:40:33 UTC 2025","failed","Sun Nov 23 22:40:33 UTC 2025","POST /api/v1/users","User API Controller Tests","education.kub.backend.ce.domain.user.controller.UserControllerTests$UsersTests$CreateUserTests","CreateUserWithNotAllowedRole"
"When request with invalid access token header, POST /api/v1/rooms returns 401.","77","When request with invalid access token header, POST /api/v1/rooms returns 401","Controller tests","Sun Nov 23 22:40:05 UTC 2025","passed","Sun Nov 23 22:40:05 UTC 2025","POST /api/v1/rooms","Room API Controller Tests","education.kub.backend.ce.domain.room.controller.RoomControllerTests$RoomsTests$CreateRoomTests","CreateUserWithInvalidToken"
"When request body without required field, POST /api/v1/users returns 400.","281","When request body without required field, POST /api/v1/users returns 400 [1] request_field=first_name","Controller tests","Sun Nov 23 22:40:32 UTC 2025","failed","Sun Nov 23 22:40:32 UTC 2025","POST /api/v1/users","User API Controller Tests","education.kub.backend.ce.domain.user.controller.UserControllerTests$UsersTests$CreateUserTests","CreateUserWithoutRequestField"
"When request is valid, POST /api/v1/users/{id}/resend returns 200 and valid response.","247","When request is valid, POST /api/v1/users/{id}/resend returns 200 and valid response [3] user_creator_role=ORGANIZER","Controller tests","Sun Nov 23 22:40:21 UTC 2025","passed","Sun Nov 23 22:40:21 UTC 2025","POST /api/v1/users/{id}/resend","User API Controller Tests","education.kub.backend.ce.domain.user.controller.UserControllerTests$UsersTests$UserTests$ResendPasswordTests","ResendPasswordSuccessWithAllowedRole"
"When request with invalid id url parameter, GET /api/v1/users/{id} returns 400.","171","When request with invalid id url parameter, GET /api/v1/users/{id} returns 400","Controller tests","Sun Nov 23 22:40:27 UTC 2025","passed","Sun Nov 23 22:40:27 UTC 2025","GET /api/v1/users/{id}","User API Controller Tests","education.kub.backend.ce.domain.user.controller.UserControllerTests$UsersTests$UserTests$GetUserTests","GetUserWithInvalidIdUrlParameter"
"When request without access token header, POST /api/v1/users/{id}/resend returns 401.","78","When request without access token header, POST /api/v1/users/{id}/resend returns 401","Controller tests","Sun Nov 23 22:40:19 UTC 2025","failed","Sun Nov 23 22:40:19 UTC 2025","POST /api/v1/users/{id}/resend","User API Controller Tests","education.kub.backend.ce.domain.user.controller.UserControllerTests$UsersTests$UserTests$ResendPasswordTests","ResendPasswordWithoutToken"
"When valid request with location field equal to another existing room, PUT /api/v1/rooms/{id} returns 409.","374","When valid request with location field equal to another existing room, PUT /api/v1/rooms/{id} returns 409","Controller tests","Sun Nov 23 22:39:54 UTC 2025","passed","Sun Nov 23 22:39:54 UTC 2025","PUT /api/v1/rooms/{id}","Room API Controller Tests","education.kub.backend.ce.domain.room.controller.RoomControllerTests$RoomsTests$RoomTests$UpdateRoomTests","UpdateRoomWithSameLocation"
"When request body without required field, POST /api/v1/users returns 400.","250","When request body without required field, POST /api/v1/users returns 400 [2] request_field=last_name","Controller tests","Sun Nov 23 22:40:32 UTC 2025","failed","Sun Nov 23 22:40:32 UTC 2025","POST /api/v1/users","User API Controller Tests","education.kub.backend.ce.domain.user.controller.UserControllerTests$UsersTests$CreateUserTests","CreateUserWithoutRequestField"
"When request is valid, POST /api/v1/rooms returns 201 and valid response.","176","When request is valid, POST /api/v1/rooms returns 201 and valid response","Controller tests","Sun Nov 23 22:40:03 UTC 2025","passed","Sun Nov 23 22:40:03 UTC 2025","POST /api/v1/rooms","Room API Controller Tests","education.kub.backend.ce.domain.room.controller.RoomControllerTests$RoomsTests$CreateRoomTests","CreateRoomSuccessWithAllowedRole"
"When request is valid, PUT /api/v1/users/{id} returns 200 and valid response.","245","When request is valid, PUT /api/v1/users/{id} returns 200 and valid response [3] user_creator_role=ORGANIZER","Controller tests","Sun Nov 23 22:40:26 UTC 2025","passed","Sun Nov 23 22:40:26 UTC 2025","PUT /api/v1/users/{id}","User API Controller Tests","education.kub.backend.ce.domain.user.controller.UserControllerTests$UsersTests$UserTests$UpdateUserTests","UpdateUserSuccessWithAllowedRoles"
"When valid request with missing roles, POST /api/v1/users returns 401.","168","When valid request with missing roles, POST /api/v1/users returns 401 [2] user_creator_role=STUDENT","Controller tests","Sun Nov 23 22:40:33 UTC 2025","failed","Sun Nov 23 22:40:33 UTC 2025","POST /api/v1/users","User API Controller Tests","education.kub.backend.ce.domain.user.controller.UserControllerTests$UsersTests$CreateUserTests","CreateUserWithNotAllowedRole"
"When request body with capacity field value what exceeds max possible value (32767), POST /api/v1/rooms returns 400.","175","When request body with capacity field value what exceeds max possible value (32767), POST /api/v1/rooms returns 400","Controller tests","Sun Nov 23 22:40:04 UTC 2025","failed","Sun Nov 23 22:40:04 UTC 2025","POST /api/v1/rooms","Room API Controller Tests","education.kub.backend.ce.domain.room.controller.RoomControllerTests$RoomsTests$CreateRoomTests","CreateRoomWithTooBigCapacityFieldValue"
"When request is valid, PUT /api/v1/users/{id}/roles/{role-id} returns 200 and valid response.","179","When request is valid, PUT /api/v1/users/{id}/roles/{role-id} returns 200 and valid response [1] user_creator_role=ADMIN","Controller tests","Sun Nov 23 22:40:17 UTC 2025","passed","Sun Nov 23 22:40:17 UTC 2025","PUT /api/v1/users/{id}/roles/{role-id}","User API Controller Tests","education.kub.backend.ce.domain.user.controller.UserControllerTests$UsersTests$UserTests$UserRoleTests$AddRoleTests","AddRoleSuccessWithAllowedRole"
"When request body without required field, POST /api/v1/users returns 400.","242","When request body without required field, POST /api/v1/users returns 400 [4] request_field=email","Controller tests","Sun Nov 23 22:40:33 UTC 2025","failed","Sun Nov 23 22:40:33 UTC 2025","POST /api/v1/users","User API Controller Tests","education.kub.backend.ce.domain.user.controller.UserControllerTests$UsersTests$CreateUserTests","CreateUserWithoutRequestField"
"When request without access token header, PUT /api/v1/rooms/{id} returns 401.","80","When request without access token header, PUT /api/v1/rooms/{id} returns 401","Controller tests","Sun Nov 23 22:39:55 UTC 2025","failed","Sun Nov 23 22:39:55 UTC 2025","PUT /api/v1/rooms/{id}","Room API Controller Tests","education.kub.backend.ce.domain.room.controller.RoomControllerTests$RoomsTests$RoomTests$UpdateRoomTests","UpdateRoomWithoutToken"
"When valid request with missing roles, PUT /api/v1/rooms/{id} returns 401.","187","When valid request with missing roles, PUT /api/v1/rooms/{id} returns 401 [5] user_creator_role=SYSADMIN","Controller tests","Sun Nov 23 22:39:56 UTC 2025","failed","Sun Nov 23 22:39:57 UTC 2025","PUT /api/v1/rooms/{id}","Room API Controller Tests","education.kub.backend.ce.domain.room.controller.RoomControllerTests$RoomsTests$RoomTests$UpdateRoomTests","UpdateRoomWithNotAllowedRole"
"When request is valid, PUT /api/v1/users/{id} returns 200 and valid response.","246","When request is valid, PUT /api/v1/users/{id} returns 200 and valid response [1] user_creator_role=ADMIN","Controller tests","Sun Nov 23 22:40:26 UTC 2025","passed","Sun Nov 23 22:40:26 UTC 2025","PUT /api/v1/users/{id}","User API Controller Tests","education.kub.backend.ce.domain.user.controller.UserControllerTests$UsersTests$UserTests$UpdateUserTests","UpdateUserSuccessWithAllowedRoles"
"When request body with empty field, POST /api/v1/users returns 422.","242","When request body with empty field, POST /api/v1/users returns 422 [1] request_field=first_name","Controller tests","Sun Nov 23 22:40:31 UTC 2025","failed","Sun Nov 23 22:40:31 UTC 2025","POST /api/v1/users","User API Controller Tests","education.kub.backend.ce.domain.user.controller.UserControllerTests$UsersTests$CreateUserTests","CreateUserWithEmptyRequestField"
"When valid request with missing roles, DELETE /api/v1/users/{id}/roles/{role-id} returns 401.","173","When valid request with missing roles, DELETE /api/v1/users/{id}/roles/{role-id} returns 401 [3] user_creator_role=LECTURER","Controller tests","Sun Nov 23 22:40:16 UTC 2025","failed","Sun Nov 23 22:40:16 UTC 2025","DELETE /api/v1/users/{id}/roles/{role-id}","User API Controller Tests","education.kub.backend.ce.domain.user.controller.UserControllerTests$UsersTests$UserTests$UserRoleTests$RemoveRoleTests","RemoveRoleWithNotAllowedRole"
"When request body without required field, POST /api/v1/users returns 400.","289","When request body without required field, POST /api/v1/users returns 400 [3] request_field=middle_name","Controller tests","Sun Nov 23 22:40:32 UTC 2025","failed","Sun Nov 23 22:40:33 UTC 2025","POST /api/v1/users","User API Controller Tests","education.kub.backend.ce.domain.user.controller.UserControllerTests$UsersTests$CreateUserTests","CreateUserWithoutRequestField"
"When request is valid, PUT /api/v1/rooms/{id} returns 201 and valid response.","218","When request is valid, PUT /api/v1/rooms/{id} returns 201 and valid response","Controller tests","Sun Nov 23 22:39:54 UTC 2025","passed","Sun Nov 23 22:39:54 UTC 2025","PUT /api/v1/rooms/{id}","Room API Controller Tests","education.kub.backend.ce.domain.room.controller.RoomControllerTests$RoomsTests$RoomTests$UpdateRoomTests","UpdateRoomSuccessWithAllowedRole"
"When request body without new password, POST /api/v1/account/change-password returns 400.","259","When request body without new password, POST /api/v1/account/change-password returns 400","Controller tests","Sun Nov 23 22:40:11 UTC 2025","failed","Sun Nov 23 22:40:11 UTC 2025","POST /api/v1/account/change-password","Account API Controller Tests","education.kub.backend.ce.domain.user.controller.AccountControllerTests$ChangePasswordTests","ChangePasswordWithoutNewPassword"
"When valid request with role id url parameter equal to another existing user role, PUT /api/v1/users/{id} returns 409.","176","When valid request with role id url parameter equal to another existing user role, PUT /api/v1/users/{id} returns 409","Controller tests","Sun Nov 23 22:40:19 UTC 2025","failed","Sun Nov 23 22:40:19 UTC 2025","PUT /api/v1/users/{id}/roles/{role-id}","User API Controller Tests","education.kub.backend.ce.domain.user.controller.UserControllerTests$UsersTests$UserTests$UserRoleTests$AddRoleTests","AddRoleWithRoleDublicate"
"When valid request with missing roles, GET /api/v1/users/{id} returns 401.","169","When valid request with missing roles, GET /api/v1/users/{id} returns 401 [2] user_creator_role=STUDENT","Controller tests","Sun Nov 23 22:40:28 UTC 2025","failed","Sun Nov 23 22:40:28 UTC 2025","GET /api/v1/users/{id}","User API Controller Tests","education.kub.backend.ce.domain.user.controller.UserControllerTests$UsersTests$UserTests$GetUserTests","GetUserWithNotAllowedRole"
"When request with room id url parameter for not existing room, PUT /api/v1/rooms/{id} returns 404.","184","When request with room id url parameter for not existing room, PUT /api/v1/rooms/{id} returns 404","Controller tests","Sun Nov 23 22:39:55 UTC 2025","passed","Sun Nov 23 22:39:55 UTC 2025","PUT /api/v1/rooms/{id}","Room API Controller Tests","education.kub.backend.ce.domain.room.controller.RoomControllerTests$RoomsTests$RoomTests$UpdateRoomTests","UpdateRoomWithNonExistedRoom"
"When valid request with missing roles, PUT /api/v1/users/{id}/roles/{role-id} returns 401.","173","When valid request with missing roles, PUT /api/v1/users/{id}/roles/{role-id} returns 401 [2] user_creator_role=STUDENT","Controller tests","Sun Nov 23 22:40:18 UTC 2025","failed","Sun Nov 23 22:40:19 UTC 2025","PUT /api/v1/users/{id}/roles/{role-id}","User API Controller Tests","education.kub.backend.ce.domain.user.controller.UserControllerTests$UsersTests$UserTests$UserRoleTests$AddRoleTests","AddRoleWithNotAllowedRole"
"When request with invalid access token header, GET /api/v1/rooms/{id} returns 401.","80","When request with invalid access token header, GET /api/v1/rooms/{id} returns 401","Controller tests","Sun Nov 23 22:39:59 UTC 2025","passed","Sun Nov 23 22:39:59 UTC 2025","GET /api/v1/rooms/{id}","Room API Controller Tests","education.kub.backend.ce.domain.room.controller.RoomControllerTests$RoomsTests$RoomTests$GetRoomTests","GetRoomWithInvalidToken"
"When valid request with missing roles, DELETE /api/v1/rooms/{id} returns 401.","237","When valid request with missing roles, DELETE /api/v1/rooms/{id} returns 401 [3] user_creator_role=LECTURER","Controller tests","Sun Nov 23 22:39:52 UTC 2025","failed","Sun Nov 23 22:39:53 UTC 2025","DELETE /api/v1/rooms/{id}","Room API Controller Tests","education.kub.backend.ce.domain.room.controller.RoomControllerTests$RoomsTests$RoomTests$DeleteRoomTests","DeleteRoomWithNotAllowedRole"
"When request with invalid access token header, POST /api/v1/users/{id}/resend returns 401.","84","When request with invalid access token header, POST /api/v1/users/{id}/resend returns 401","Controller tests","Sun Nov 23 22:40:21 UTC 2025","passed","Sun Nov 23 22:40:21 UTC 2025","POST /api/v1/users/{id}/resend","User API Controller Tests","education.kub.backend.ce.domain.user.controller.UserControllerTests$UsersTests$UserTests$ResendPasswordTests","ResendPasswordWithInvalidToken"
"When request with id url parameter for not existing user, GET /api/v1/users/{id} returns 404.","78","When request with id url parameter for not existing user, GET /api/v1/users/{id} returns 404","Controller tests","Sun Nov 23 22:40:27 UTC 2025","failed","Sun Nov 23 22:40:27 UTC 2025","GET /api/v1/users/{id}","User API Controller Tests","education.kub.backend.ce.domain.user.controller.UserControllerTests$UsersTests$UserTests$GetUserTests","GetUserWithNonExistedUser"
"When request with invalid access token header, GET /api/v1/users/{id} returns 401.","76","When request with invalid access token header, GET /api/v1/users/{id} returns 401","Controller tests","Sun Nov 23 22:40:27 UTC 2025","passed","Sun Nov 23 22:40:28 UTC 2025","GET /api/v1/users/{id}","User API Controller Tests","education.kub.backend.ce.domain.user.controller.UserControllerTests$UsersTests$UserTests$GetUserTests","GetUserWithInvalidToken"
"When request with invalid access token header, PUT /api/v1/users/{id} returns returns 401.","78","When request with invalid access token header, PUT /api/v1/users/{id} returns returns 401","Controller tests","Sun Nov 23 22:40:23 UTC 2025","passed","Sun Nov 23 22:40:23 UTC 2025","PUT /api/v1/users/{id}","User API Controller Tests","education.kub.backend.ce.domain.user.controller.UserControllerTests$UsersTests$UserTests$UpdateUserTests","UpdateUserWithInvalidToken"
